business_id,name,neighborhood,address,city,state,postal_code,latitude,longitude,stars,review_count,is_open,categories
FYWN1wneV18bWNgQjJ2GNg,"""Dental by Design""",,"""4855 E Warner Rd, Ste B9""",Ahwatukee,AZ,85044,33.3306902,-111.9785992,4.0,22,1,Dentists;General Dentistry;Health & Medical;Oral Surgeons;Cosmetic Dentists;Orthodontists
He-G7vWjzVUysIKrfNbPUQ,"""Stephen Szabo Salon""",,"""3101 Washington Rd""",McMurray,PA,15317,40.2916853,-80.1048999,3.0,11,1,Hair Stylists;Hair Salons;Men's Hair Salons;Blow Dry/Out Services;Hair Extensions;Beauty & Spas
KQPW8lFf1y5BT2MxiSZ3QA,"""Western Motor Vehicle""",,"""6025 N 27th Ave, Ste 1""",Phoenix,AZ,85017,33.5249025,-112.1153098,1.5,18,1,Departments of Motor Vehicles;Public Services & Government
8DShNS-LuFqpEWIp0HxijA,"""Sports Authority""",,"""5000 Arizona Mills Cr, Ste 435""",Tempe,AZ,85282,33.3831468,-111.9647254,3.0,9,0,Sporting Goods;Shopping
PfOCPjBrlQAnz__NXj9h_w,"""Brick House Tavern + Tap""",,"""581 Howe Ave""",Cuyahoga Falls,OH,44221,41.1195346,-81.4756898,3.5,116,1,American (New);Nightlife;Bars;Sandwiches;American (Traditional);Burgers;Restaurants
o9eMRCWt5PkpLDE0gOPtcQ,"""Messina""",,"""Richterstr. 11""",Stuttgart,BW,70567,48.7272,9.14795,4.0,5,1,Italian;Restaurants
kCoE3jvEtg6UVz5SOD3GVw,"""BDJ Realty""",Summerlin,"""2620 Regatta Dr, Ste 102""",Las Vegas,NV,89128,36.20743,-115.26846,4.0,5,1,Real Estate Services;Real Estate;Home Services;Property Management
OD2hnuuTJI9uotcKycxg1A,"""Soccer Zone""",,"""7240 W Lake Mead Blvd, Ste 4""",Las Vegas,NV,89128,36.1974844,-115.2496601,1.5,9,1,Shopping;Sporting Goods
EsMcGiZaQuG1OOvL9iUFug,"""Any Given Sundae""",,"""2612 Brandt School Rd""",Wexford,PA,15090,40.6151022445,-80.0913487465,5.0,15,1,Coffee & Tea;Ice Cream & Frozen Yogurt;Food
TGWhGNusxyMaA4kQVBNeew,"""Detailing Gone Mobile""",,"""""",Henderson,NV,89014,36.0558252127,-115.04635039,5.0,7,1,Automotive;Auto Detailing
XOSRcvtaKc_Q5H1SAzN20A,"""East Coast Coffee""",,"""737 West Pike St""",Houston,PA,15342,40.2415480142,-80.2128151059,4.5,3,0,Breakfast & Brunch;Gluten-Free;Coffee & Tea;Food;Restaurants;Sandwiches
Y0eMNa5C-YU1RQOZf9XvVA,"""CubeSmart Self Storage""",,"""2414 South Gilbert Road""",Chandler,AZ,85286,33.2717201,-111.7912569,5.0,23,1,Local Services;Self Storage
xcgFnd-MwkZeO5G2HQ0gAQ,"""T & T Bakery and Cafe""",Markham Village,"""35 Main Street N""",Markham,ON,L3P 1X3,43.8751774,-79.2601532,4.0,38,1,Bakeries;Bagels;Food
NmZtoE3v8RdSJEczYbMT9g,"""Complete Dental Care""",,"""107 Whitaker Str""",Homestead,PA,15120,40.4014882,-79.8879161,2.0,5,1,General Dentistry;Dentists;Endodontists;Cosmetic Dentists;Health & Medical;Orthodontists
fNMVV_ZX7CJSDWQGdOM8Nw,"""Showmars Government Center""",Uptown,"""600 E 4th St""",Charlotte,NC,28202,35.2216474,-80.8393449,3.5,7,1,Restaurants;American (Traditional)
l09JfMeQ6ynYs5MCJtrcmQ,"""Alize Catering""",Yonge and Eglinton,"""2459 Yonge St""",Toronto,ON,M4P 2H6,43.7113993,-79.3993388,3.0,12,0,Italian;French;Restaurants
IQSlT5jGE6CCDhSG0zG3xg,"""T & Y Nail Spa""",,"""8411 W Thunderbird Rd, Unit 101""",Peoria,AZ,85381,33.6086538,-112.2400118,3.0,20,1,Beauty & Spas;Nail Salons
b2I2DXtZVnpUMCXp1JON7A,"""Meineke Car Care Center""",,"""2518 Ironwood Dr""",Sun Prairie,WI,53590,43.18508,-89.262047,3.5,9,1,Tires;Oil Change Stations;Auto Repair;Automotive
0FMKDOU8TJT1x87OKYGDTg,"""Senior's Barber Shop""",,"""13375 W McDowell""",Goodyear,AZ,85395,33.463629,-112.347038,5.0,65,1,Barbers;Beauty & Spas
Gu-xs3NIQTj3Mj2xYoN2aw,"""Maxim Bakery & Restaurant""",,"""9665 Bayview Avenue, Unit 1-4""",Richmond Hill,ON,L4C 9V4,43.8675648,-79.4126618,3.5,34,1,French;Food;Bakeries;Restaurants
lHYiCS-y8AFjUitv6MGpxg,"""Starbucks""",Liberty Village,"""85 Hanna Avenue""",Toronto,ON,M6K 3S3,43.6398633116,-79.4195331865,4.0,21,1,Food;Coffee & Tea
94KziT6DQ9XlBET3WzIv_w,"""Fye""",,"""1928 S Gilbert Rd""",Mesa,AZ,85204,33.3801334,-111.7887679,4.5,4,0,Shopping;Books;Mags;Music & Video;Music & DVDs
7YIy1tXOor9VCwvaSjuBHg,"""TSA Checkpoint T-4 A - Phoenix Sky Harbor International Airport""",,"""3400 E Sky Harbor Blvd""",Phoenix,AZ,85034,33.4354634,-112.0069893,1.5,46,1,Public Services & Government
PMH4oUa-bWELKogdtkWewg,"""GoodLife Fitness""",,"""100 City Centre Dr""",Mississauga,ON,L5B 2C9,43.5927528,-79.6430158,2.0,16,1,Fitness & Instruction;Sports Clubs;Gyms;Trainers;Active Life
VSGcuYDV3q-AAZ9ZPq4fBQ,"""Sportster's""",The Danforth,"""1430 Danforth Avenue""",Toronto,ON,M4J 1N4,43.6828673,-79.3269639,2.5,7,1,Bars;Sports Bars;Nightlife
1K4qrnfyzKzGgJPBEcJaNQ,"""Chula Taberna Mexicana""",Leslieville,"""1058 Gerrard Street E""",Toronto,ON,M4M 3A6,43.6692562,-79.3359022,3.5,39,1,Tiki Bars;Nightlife;Mexican;Restaurants;Bars
VBHEsoXQb2AQ76J9l8h1uQ,"""Alfredo's Jewelry""",Southeast,"""5775 S Eastern, Ste 103""",Las Vegas,NV,89119,36.0850508374,-115.119420802,4.5,23,1,Shopping;Jewelry;Watch Repair;Local Services
AtdXq_gu9NTE5rx4ct_dGg,"""DAVIDsTEA""",Ryerson,"""10 Dundas Street E""",Toronto,ON,M5B 2G9,43.6567287,-79.3807182,4.0,6,1,Coffee & Tea;Food;Tea Rooms
Dj0S-Oe4ytRJzMGUPgYUkw,"""Panera Bread""",,"""38295 Chestnut Ridge Rd""",Elyria,OH,44035,41.343078,-82.06714,2.0,4,1,Soup;Salad;Sandwiches;Restaurants
gAy4LYpsScrj8POnCW6btQ,"""Toast Cafe""",,"""2429 Hwy 160 W""",Fort Mill,SC,29708,35.0472868,-80.9905588,3.5,6,0,Food;American (Traditional);Coffee & Tea;Restaurants
nbhBRhZtdaZmMMeb2i02pg,"""Sunnyside Grill""",,"""2777 Steeles Avenue W""",Toronto,ON,M3J 3K5,43.7818155,-79.4904331,5.0,3,1,Restaurants;Breakfast & Brunch
zzMu-6SmqhpvHxVRM6tx9g,"""Good Brakes Automotive""",,"""12614 N Cave Creek Rd, Ste 104""",Phoenix,AZ,85022,33.6008771,-112.0376849,4.0,5,1,Oil Change Stations;Smog Check Stations;Automotive;Auto Repair
1_3nOM7s9WqnJWTNu2-i8Q,"""Le Bistro Balmoral""",Ville-Marie,"""305 Rue Sainte-Catherine O""",Montreal,QC,H2X 2A1,45.5067722126,-73.5667249688,3.0,8,0,Arts & Entertainment;Festivals;Restaurants;French;Gastropubs
FXHfcFVEfI1vVngW2gVOpw,"""Bampot House of Tea & Board Games""",,"""201 Harbord Street""",Toronto,ON,M5S 1H6,43.6615816807,-79.4088784561,4.0,55,1,Coffee & Tea;Restaurants;Food;Mediterranean;Tea Rooms
7gquCdaFoHZCcLYDttpHtw,"""Bubbly Nails""",,"""8439 Charlotte Hwy""",Fort Mill,SC,29707,34.9570617825,-80.8539120108,4.0,17,1,Nail Salons;Beauty & Spas
8y56fOiKhtCnqaiYB2S2Qg,"""Brewster's Pub""",,"""96 S Main St""",Munroe Falls,OH,44308,41.136622,-81.4392592,4.0,4,1,Nightlife;Pubs;Bars
ok38fApaT1TBEU-IH85BvA,"""Kool Pool Care & Repair""",,"""3245 W Florimond Rd""",Phoenix,AZ,85086,33.8039,-112.130405,5.0,5,1,Home Services;Contractors;Pool & Hot Tub Service;Pool Cleaners
lj0MiK5_fyv9df2twnsI7g,"""Pampered Hair Passionate about Hair""",Anthem,"""2470 Paseo Verde Pkwy""",Henderson,NV,89074,36.0194946,-115.0947223,5.0,3,1,Hair Salons;Blow Dry/Out Services;Hair Stylists;Beauty & Spas;Hair Extensions
S4a42azhoOmr0fpeNkggHg,"""By Design""",,"""11812 Carolina Place Pkwy, Ste C""",Pineville,NC,28134,35.0735981,-80.8815165,2.5,3,0,Home & Garden;Furniture Stores;Shopping
A_Ij4SwFmlRbVtRnsdSzWA,"""Ciao Baby Catering""",,"""15041 N Airport Dr""",Scottsdale,AZ,85260,33.6218351,-111.9155977,2.0,5,0,Event Planning & Services;Caterers
tRVx2c89coruPRwYhGTcTw,"""Yuzu""",,"""13603 Madison Ave""",Lakewood,OH,44107,41.4768463,-81.7869709,3.5,78,1,Nightlife;Izakaya;Comfort Food;Cocktail Bars;Asian Fusion;Bars;Japanese;Restaurants;Gastropubs;Tapas/Small Plates
1Jp_hmPNUZArNqzpbm7B0g,"""Task Electric""",Spring Valley,"""7260 Cimarron Rd, Ste 130""",Las Vegas,NV,89113,36.056382,-115.269332,4.5,20,1,Home Services;Lighting Fixtures & Equipment;Local Services;Electricians;TV Mounting
zjySmTfL9WiMDVgp8-Jp3w,"""TCBY""",,"""610 Jetton St, Ste 130""",Davidson,NC,28036,35.5012273,-80.8609494,3.5,3,1,Desserts;Ice Cream & Frozen Yogurt;Food
5qpi5VQ_S2Itm8xvRm1k8Q,"""Olsen Firearms""",,"""28212 N Tatum Blvd, Ste D4""",Cave Creek,AZ,85331,33.7416293,-111.9809164,5.0,9,1,Shopping;Guns & Ammo
BnuzcebyB1AfxH0kjNWqSg,"""Carrabba's Italian Grill""",,"""245 Lancaster Ave""",Frazer,PA,19355,40.0410025289,-75.5424965117,3.5,25,0,Restaurants;Italian;Seafood
rDMptJYWtnMhpQu_rRXHng,"""McDonald's""",,"""719 E Thunderbird Rd""",Phoenix,AZ,85022,33.6070702,-112.0643825,1.0,10,1,Fast Food;Burgers;Restaurants
1WBkAuQg81kokZIPMpn9Zg,"""Charr An American Burger Bar""",,"""777 E Thunderbird Rd, Ste 107""",Phoenix,AZ,85022,33.60731,-112.063404,3.0,232,1,Burgers;Restaurants
Z-4KHBDbdwyC7PwA_JE5Xw,"""William Jon Salon & Spa""",Regent,"""2701 University Ave, Ste H""",Madison,WI,53705,43.0731452,-89.4344018,4.5,14,1,Tanning;Day Spas;Spray Tanning;Beauty & Spas;Hair Salons
DPQnTnNw2PJj7DdENM98Cw,"""Star Nursery""",,"""5340 Boulder Hwy""",Las Vegas,NV,89122,36.105196,-115.0568796,3.5,25,1,Nurseries & Gardening;Home & Garden;Shopping
_F3AMoo_zdl-he384ISQbw,"""Rock of Ages""",,"""3700 W Flamingo Rd""",Las Vegas,NV,89109,36.1169648,-115.185696,4.0,213,1,Arts & Entertainment;Performing Arts
-ooEO2YqDQVYNHnSF2BPfw,"""Restaurant Lucca""",Rosemont-La Petite-Patrie,"""12 Rue Dante""",Montréal,QC,H2S 1J5,45.5328965,-73.6136037,4.5,11,1,Italian;Restaurants
FmGZh8ZwEnSO860_2eiYHw,"""Enterprise Rent-A-Car""",Homestead,"""908 E 8th Ave""",Homestead,PA,15120,40.409116,-79.897415,3.0,4,1,Hotels & Travel;Car Rental
Pd52CjgyEU3Rb8co6QfTPw,"""Flight Deck Bar & Grill""",Southeast,"""6730 S Las Vegas Blvd""",Las Vegas,NV,89119,36.0669136,-115.1708484,4.0,13,1,Nightlife;Bars;Barbeque;Sports Bars;American (New);Restaurants
4srfPk1s8nlm1YusyDUbjg,"""Subway""",Southeast,"""6889 S Eastern Ave, Ste 101""",Las Vegas,NV,89119,36.0646523,-115.1189541,2.5,6,1,Fast Food;Restaurants;Sandwiches
n7V4cD-KqqE3OXk0irJTyA,"""GameWorks""",Southeast,"""6587 Las Vegas Blvd S, Ste 171""",Las Vegas,NV,89119,36.0682585154,-115.1788768,3.0,349,1,Arcades;Arts & Entertainment;Gastropubs;Restaurants;American (New)
c_XbaJqhm-5ycSBOkVUBmg,"""Don Taco""",Ville-Marie,"""1855 Rue Saint Catherine Ouest, H3H 1M2""",Montreal,QC,H3H 1M2,45.4932164,-73.5803794,3.5,33,1,Restaurants;Mexican
ykJM7EuGziATZ5u2qIT08g,"""My Fitness World""",South End,"""1225 S Church St, Ste B""",Charlotte,NC,28203,35.220211,-80.855785,5.0,4,1,Active Life;Fitness & Instruction;Gyms
spDZkD6cp0JUUm6ghIWHzA,"""Kitchen M""",Unionville,"""8515 McCowan Road""",Markham,ON,L3P 5E5,43.867918,-79.2836865,3.0,80,1,Restaurants;Chinese
PEKloTo1IkW_gyxp15e8Dg,"""Amy's Lash & Beauty Spa""",Summer Hill,"""1219 Yonge Street""",Toronto,ON,M4T 1W4,43.6832129897,-79.3919422965,3.5,7,1,Eyelash Service;Beauty & Spas
Sx0C2RsDgrG3RxBBUoBqTw,"""Kool Radiator Service""",Westside,"""3228 Meade Ave""",Las Vegas,NV,89102,36.1366387,-115.1845851,3.5,9,1,Automotive;Auto Repair
v2GJWvZqEAjUc22hZUYzYw,"""John Armond Actor's Studio""",Westside,"""8125 W Sahara Ave, Ste 210""",Las Vegas,NV,89117,36.142544,-115.2687306,4.5,12,1,Education;Performing Arts;Specialty Schools;Art Schools;Arts & Entertainment
MmR06_kNAbmOPK-0pKvGtA,"""Cinnabon""",Westside,"""4300 Meadows Ln""",Las Vegas,NV,89107,36.1725319,-115.197258,4.0,3,1,Food;Coffee & Tea;Desserts
ORUUPE_Ahrcop9K7h6rvVQ,"""Falls Auto Body""",,"""20 W Steels Corners Rd""",Cuyahoga Falls,OH,44223,41.1804849,-81.5094524,5.0,3,1,Automotive;Body Shops;Auto Glass Services
r6Jw8oRCeumxu7Y1WRxT7A,"""D&D Cleaning""",,"""""",Urbana,IL,61802,40.1105875,-88.2072697,5.0,4,0,Home Cleaning;Home Services;Window Washing
EJFdWX908N8Yc2XG0Lky8A,"""River Moon Cafe""",Lawrenceville,"""104 43rd St""",Pittsburgh,PA,15201,40.472735,-79.9632647,4.0,5,0,Cafes;Restaurants
LL01hTt_eVdp-ws4zMDsrw,"""Pil Son""",Financial District,"""Toronto-Dominion Centre Bank Tower, 66 Wellington St W, Ste 2709""",Toronto,ON,M5K 1H1,43.646954,-79.382159,5.0,3,1,Health & Medical;General Dentistry;Dentists
d6ngz4WmMaQL8Xdfur7bwQ,"""Crazy Kleen Carpet Cleaning""",,"""15825 W Redfield Rd""",Surprise,AZ,85379,33.640227,-112.3957,4.5,5,1,Office Cleaning;Carpet Cleaning;Professional Services;Home Cleaning;Home Services;Local Services
6aFAEeJ3nS-iWGt7Tn7S0Q,"""KS Audio Video""",,"""19925 Jetton Rd, Ste 100""",Cornelius,NC,28031,35.4802886,-80.8857059,5.0,5,1,Home Services;Television Service Providers;Home Automation;Home Theatre Installation;Professional Services
F31RycVVooeIOp9jsXmg6g,"""The Bluebird Cafe""",Cannonmills,"""5 Canonmills""",Edinburgh,MLN,EH3 5HA,55.9624442,-3.1976623,4.5,16,1,Breakfast & Brunch;Diners;Restaurants;Cafes;British
0lCpaZpmjCFEmtti9O9ZdQ,"""LaPuma Bakery""",,"""12656 Chillicothe Rd""",Chesterland,OH,44026,41.5242686,-81.3379626,3.5,3,0,Bakeries;Food
2pD9wZWXDNsZf_MXd8rQtg,"""Carle Clinic Association""",,"""602 W University Ave""",Urbana,IL,61801,40.116627,-88.2147631,2.5,6,1,Doctors;Health & Medical
c6Shr51XcbvAeXp6hb_Exg,"""Christopher Huston, MD - TOCA""",,"""2222 E Highland Ave, Ste 300""",Phoenix,AZ,85016,33.5063676,-112.0335679,2.0,18,1,Orthopedists;Health & Medical;Doctors
iPa__LOhse-hobC2Xmp-Kw,"""McDonald's""",,"""1635 E Camelback Rd""",Phoenix,AZ,85016,33.5087649,-112.04624,3.0,34,1,Restaurants;Burgers;Fast Food
XPZT3zLrkLkFSkBVxSsM3w,"""Sports Authority""",,"""7000 E  Mayo Blvd Building 15""",Phoenix,AZ,85054,33.6569065,-111.9298903,2.5,21,0,Sporting Goods;Shopping
zWb-kwaANIPMS_AFBbVOew,"""Banana Republic""",,"""32 W Towne Mall""",Madison,WI,53719,43.0570896,-89.5092997,2.0,8,1,Men's Clothing;Women's Clothing;Fashion;Shopping
o1fTwfqN0sDFNpV1CkOPPg,"""Crazy Mocha Coffee""",Lawrenceville,"""4032 Butler St""",Pittsburgh,PA,15201,40.4692949,-79.9612733,3.5,16,1,Restaurants;Sandwiches;Coffee & Tea;Food
-nHkhiuerqmfBG3v2v9O-g,"""Bruegger's Bagels""",,"""5217 Clairton Blvd""",Pittsburgh,PA,15236,40.3441937,-79.970963,2.5,5,1,Breakfast & Brunch;Bagels;Restaurants;Bakeries;Sandwiches;Food
NFTh6mj3X2AnHJCKIFUk5Q,"""Fairfield Inn & Suites""",,"""8540 E Independence Blvd""",Charlotte,NC,28105,35.147422,-80.726487,4.0,17,1,Hotels;Event Planning & Services;Hotels & Travel
EfYExaDrwhj0k611u5lYMg,"""G G & D Motor Vehicle Services""",,"""4307 W Glendale Ave""",Glendale,AZ,85301,33.5369186,-112.1522269,2.0,12,1,Shopping;Public Services & Government;Departments of Motor Vehicles
AZUCA3oiGou2wLnAYG1P6g,"""Emergency Chiropractic""",,"""2030 S Rural Rd""",Tempe,AZ,85282,33.4062365,-111.9266226,2.5,3,1,Health & Medical;Chiropractors
kKx8iCJkomVQBdWHnmmOiA,"""Little Caesars Pizza""",,"""10720 E Southern Ave""",Mesa,AZ,85209,33.3948766,-111.6001938,2.5,4,1,Restaurants;Pizza
B5EZlEDH6AVDk8tQGHAGqg,"""Villa Tap""",Sherman,"""2302 Packers Ave""",Madison,WI,53704,43.1233893,-89.3553901,4.0,34,1,American (Traditional);Nightlife;Dive Bars;Restaurants;Bars
bOOgAB_CEWWsxalAthnRSw,"""Tenors of Rock""",The Strip,"""3475 S Las Vegas Blvd""",Las Vegas,NV,89109,36.1193098,-115.1717702,4.5,46,1,Performing Arts;Arts & Entertainment
l5ijDMpYdyKbF0CxiCVO_Q,"""Starlight Tattoo""",The Strip,"""3400 Las Vegas Blvd""",Las Vegas,NV,89109,36.1213295255,-115.175283886,4.0,24,1,Beauty & Spas;Piercing;Tattoo
nJ3mXjItS8WcwhYbzbfDQw,"""Scott's Karat Patch""",South Park,"""5110 Park Rd, Ste 2F""",Charlotte,NC,28209,35.1608893,-80.8492598,4.0,5,1,Watch Repair;Jewelry Repair;Shopping;Local Services;Jewelry
NoxzrJbWS4xD9ft0ygD3JA,"""The Brink Lounge""",Williamson - Marquette,"""701 E Washington Ave, Ste 105""",Madison,WI,53703,43.0798171,-89.3762962,3.5,30,1,Event Planning & Services;Nightlife;Lounges;Venues & Event Spaces;Bars
VXH7zXcZzXlmAVN8GSjGRQ,"""Thai Express""",,"""4700 Keele Street""",Toronto,ON,M3J 1P3,43.7748776774,-79.4946187281,3.0,5,1,Imported Food;Specialty Food;Thai;Ethnic Food;Food;Restaurants
8XQmnE-v6RrsHiqEz6QXdg,"""Havel's Flowers & Greenhouses""",,"""9294 Mentor Ave""",Mentor,OH,44060,41.6777682,-81.3068638,3.5,4,1,Florists;Wholesale Stores;Shopping;Flowers & Gifts
YhV93k9uiMdr3FlV4FHjwA,"""Caviness Studio""",,"""""",Phoenix,AZ,85001,33.4499672,-112.0702225,5.0,4,1,Marketing;Men's Clothing;Restaurants;Graphic Design;Women's Clothing;Screen Printing;Advertising;Pizza;Shopping;Web Design;Fashion;Local Services;Screen Printing/T-Shirt Printing;Professional Services
w5WBrukfSuEyTjYUYlV4Ug,"""International Exposition Center""",Riverside,"""1 I-X Center Dr""",Cleveland,OH,44135,41.3985053,-81.8532205,4.0,16,1,Venues & Event Spaces;Event Planning & Services
aFBCmJUYrPeol_P75QX7Jw,"""Fraticelli's Authentic Italian Grill""",,"""10 Vogell Road""",Richmond Hill,ON,L4B 3K4,43.8643333797,-79.3824108582,3.0,88,1,Restaurants;Italian
F0fEKpTk7gAmuSFI0KW1eQ,"""Cafe Mastrioni""",Spring Valley,"""4250 S Rainbow Blvd, Ste 1007""",Las Vegas,NV,89103,36.1110572,-115.2416881,1.5,3,0,Italian;Restaurants
dA7KJReGl9PMi3Tg_mBHuw,"""Poty Group""",,"""""",Mesa,AZ,85207,33.459458,-111.642224,5.0,3,1,Real Estate Agents;Home Services;Real Estate
GX83LORhO99mdNFz9_cZdQ,"""Dayton Family Medicine""",,"""6840 E Brown Rd""",Mesa,AZ,85207,33.437983,-111.682477,2.5,3,1,Optometrists;Doctors;Internal Medicine;Health & Medical
YvxQOMstU2MVDr2uNHs_vw,"""Mitchell's Ice Cream - Solon Shop""",,"""6130 Kruse Dr""",Solon,OH,44139,41.392049,-81.4426351,4.5,42,1,Ice Cream & Frozen Yogurt;Food
NVaM_cKKJT3WWyP21PANzw,"""City of Mesa Cemetary""",,"""1212 N Center St""",Mesa,AZ,85201,33.438755,-111.832382,4.5,3,1,Religious Organizations
dTWfATVrBfKj7Vdn0qWVWg,"""Flavor Cuisine""",Scarborough,"""8 Glen Watford Drive""",Toronto,ON,M1S 2C1,43.7870613,-79.2761657,3.0,6,1,Restaurants;Chinese;Food Court
HAX1zec191t7QkT2sBZ76A,"""La Isla Cuban Restaurant""",,"""1816 Galerea Blvd, Ste D""",Charlotte,NC,28270,35.137223,-80.734594,3.0,4,0,Restaurants;Cuban
HcEJ2YiSLX_mT3RE0hvKWQ,"""Blush""",Downtown,"""135 9th St""",Pittsburgh,PA,15222,40.444236,-79.998325,3.0,21,1,Nightlife;Adult Entertainment;Strip Clubs
VZ37HCZVruFm-w_Mkl1aEQ,"""Conservatory of Dance""",,"""13637 N Tatum Blvd, Ste 8""",Phoenix,AZ,85032,33.6102929,-111.9765967,5.0,16,1,Education;Dance Schools;Arts & Entertainment;Fitness & Instruction;Specialty Schools;Active Life;Dance Studios;Performing Arts
zdC6e26U7tS1XtWcJPKCcA,"""Concord Parkway Animal Hospital""",,"""308 Concord Pkwy N""",Concord,NC,28027,35.4038438,-80.6090928,3.0,3,1,Pets;Veterinarians
VdlPZg2NAu8t8GkdbPLecg,"""Tandoori Times Indian Bistro""",,"""8140 N Hayden Rd, Ste H115""",Scottsdale,AZ,85258,33.5552118623,-111.900456296,3.5,263,1,Restaurants;Gluten-Free;Indian;Seafood
c6Q3HP4cmWZbD9GX8kr4IA,"""Pep Boys""",,"""4837 N Tryon St""",Charlotte,NC,28213,35.258682,-80.785106,3.5,8,1,Auto Parts & Supplies;Auto Repair;Tires;Automotive
c7X2SdKxVJMaOnFROO8WEg,"""Finga Lickin' Caribbean Eatery""",,"""2838 The Plz""",Charlotte,NC,28205,35.236823,-80.801084,4.5,21,1,Pizza;Food;Internet Cafes;Restaurants;Caribbean
1nhf9BPXOBFBkbRkpsFaxA,"""Mirage Grill & Lounge""",Yonge and Eglinton,"""117 Eglinton Avenue E""",Toronto,ON,M4P 1H4,43.7074649,-79.3942852,2.0,6,0,Breakfast & Brunch;Food;Coffee & Tea;Canadian (New);Restaurants
strJsTvTHqWS18GVJQEHoA,"""Synergy Physical Therapy""",,"""1710 W Horizon Ridge Pkwy, Ste 110""",Henderson,NV,89012,36.0125267,-115.0637507,5.0,22,1,Weight Loss Centers;Physical Therapy;Health & Medical
e3rNvRnupvSMu6BABlDUuQ,"""Henderson Pet Resort""",,"""1450 W Horizon Ridge Pkwy, Ste 425""",Henderson,NV,89012,36.0223003284,-115.050184289,5.0,68,1,Pet Groomers;Pet Sitting;Pets;Pet Services;Pet Training
QkG3KUXwqZBW18A9k1xqCA,"""Red Lobster""",,"""2810 North 75th Ave""",Phoenix,AZ,85035,33.4787353,-112.2213794,2.5,37,1,American (Traditional);Restaurants;Seafood
d2HSFutxpaYsCPglJPRe1Q,"""Winchell's Donut House""",Westside,"""4700 Meadows Ln""",Las Vegas,NV,89107,36.1713127195,-115.205316257,4.0,13,1,Food;Donuts
shNBn6mTKxZ124yPC_H02Q,"""T.W.Tile""",,"""248 Tara Dr""",Pittsburgh,PA,15236,40.327956,-79.960479,3.5,3,1,Kitchen & Bath;Countertop Installation;Home Services;Tiling;Contractors;Shopping;Home & Garden
ZmMCgM4RCqCXJ0Lswu6yxw,"""A Professional Appliance Repair""",,"""""",Las Vegas,NV,89108,36.2030945,-115.2244853,4.5,17,1,Local Services;Appliances & Repair
evwSIx2mmvpN0V0QteOAsA,"""Spay Me! Clinic""",,"""4475 Robertson Rd""",Madison,WI,53714,43.091157,-89.308487,3.0,11,1,Veterinarians;Pets
pR6Fy9cP3oAzM_DtloLV5w,"""Edged Enterprises""",Downtown,"""3340 Sunrise Ave, Ste 101""",Las Vegas,NV,89101,36.163434,-115.0995747,4.0,4,1,Contractors;Arts & Crafts;Shopping;Flooring;Home Services
sJ0MYSAIVK28cMzh-s-NPA,"""Amaya Express""",Downtown Core,"""Eaton Centre, 220 Yonge St""",Toronto,ON,M5B 2L7,43.6540667,-79.3800815,2.5,34,1,Indian;Restaurants;Fast Food
gSr8zPc8M4eTxwGgPb5AsA,"""Coraopolis Collision and Repair Service""",,"""601 4th Ave""",Coraopolis,PA,15108,40.5221447,-80.1726915,4.5,26,1,Smog Check Stations;Automotive;Auto Repair;Body Shops
oB5KH-jYU93w-QnHas6EMA,"""Aces High Tobacco & Gifts""",Westside,"""101 S Rainbow Blvd, Ste 18""",Las Vegas,NV,89145,36.1721645,-115.2429831,4.0,19,1,Art Galleries;Arts & Entertainment;Head Shops;Tobacco Shops;Shopping
gIVjdDWRnS1yDVpPF3oUeg,"""Pizza Pizza""",Milliken,"""7665 Kennedy Road""",Markham,ON,L3R 0L7,43.841217,-79.303936,4.0,8,1,Italian;Chicken Wings;Fast Food;Restaurants;Pizza
veXxt8rGY_RJPpA5QkHT9Q,"""Barrio""",,"""2466 Fairmount Blvd""",Cleveland Heights,OH,44106,41.5005856,-81.5922779,3.5,97,1,Food;Restaurants;Tacos;Food Trucks;Mexican
T5CdfrZWw-uW9Y5L_sddqQ,"""Police Station Pizza""",,"""7235 Steubenville Pike""",Oakdale,PA,15071,40.4428283,-80.1862933,3.0,9,0,Pizza;Restaurants
RV_NgH8wT1TuOs2qNt1WDg,"""Massage Envy - Scottsdale Thomas""",,"""2765 N Scottsdale Rd, Ste 101""",Scottsdale,AZ,85257,33.4787300512,-111.925805232,3.5,37,1,Massage;Massage Therapy;Health & Medical;Skin Care;Day Spas;Beauty & Spas
5XejqzaFmtkZMstJS5Iy-w,"""D'Lish Cafe""",,"""503 W Thomas Rd""",Phoenix,AZ,85013,33.4803014,-112.0805864,4.0,37,0,Vegan;American (New);Restaurants;Sandwiches;Salad;Wraps;Food
7SBM_0TcfYTs2oMD-vgaQA,"""R-ATV""",,"""4424 W Peoria Ave""",Glendale,AZ,85302,33.5825075,-112.153447,3.5,3,1,Automotive;Motorcycle Repair
Wpt0sFHcPtV5MO9He7yMKQ,"""McDonald's""",Eastside,"""3020 E Desert Inn Rd""",Las Vegas,NV,89121,36.1300128,-115.10931,2.0,20,1,Restaurants;Fast Food;Burgers
ZvvX30vgzBD2Ezd1zM33IQ,"""Center For Behavioral Health""",Eastside,"""3050 E Desert Inn Rd, Ste 116""",Las Vegas,NV,89121,36.1305272,-115.1084585,3.5,3,1,Health & Medical;Counseling & Mental Health
0953KSZ26LmJ7CDacVzpYg,"""dd's DISCOUNTS""",Eastside,"""3430 E Tropicana Ave""",Las Vegas,NV,89121,36.1009203,-115.099617,2.5,3,1,Department Stores;Home Decor;Shopping;Fashion;Women's Clothing;Discount Store;Home & Garden;Men's Clothing
DAG8irsIf0hMsEgDbrOE_A,"""Layla's Palace""",Eastside,"""3430 E Tropicana Ave""",Las Vegas,NV,89121,36.1009203,-115.099617,5.0,5,1,Wedding Planning;Venues & Event Spaces;Shopping;Bridal;Event Planning & Services
WUiDaFQRZ8wKYGLvmjFjAw,"""China Buffet""",University City,"""8630 University Executive Park Dr""",Charlotte,NC,28262,35.306173,-80.752672,3.5,76,1,Buffets;Restaurants;Sushi Bars;Chinese
nAFI7JZEhmvUKMKSA_5Chg,"""Nesenbach""",Rathaus,"""Dorotheenstr. 6""",Stuttgart,BW,70173,48.7754525455,9.1807370248,2.5,7,1,Cafes;Nightlife;Wine Bars;Bars;Restaurants
5q6Xh-UcJa78bp6dzyaE7w,"""Duck Donuts""",Dilworth,"""1710 Kenilworth Ave, Ste 220""",Charlotte,NC,28203,35.2026242,-80.8444191,4.5,373,1,Breakfast & Brunch;Food;Coffee & Tea;Donuts;Restaurants
h2XsV6mR6c7QURhlsi0RqA,"""John's Refrigeration Heating and Cooling""",,"""211 E 10th Dr, Ste 2""",Mesa,AZ,85210,33.3954767,-111.8272376,4.5,26,1,Home Services;Air Duct Cleaning;Local Services;Heating & Air Conditioning/HVAC
MTH-AcNyWfsBa9sXp04HcQ,"""Firehouse Subs""",,"""3420 E Baseline Rd, Ste 101""",Mesa,AZ,85204,33.3796209,-111.7571603,3.5,82,1,Food;Delis;Fast Food;Sandwiches;Restaurants
M5jiUpAuliJtCYOF0cI3wA,"""S & S Tire & Auto Service Center""",,"""11790 N 91st Ave""",Peoria,AZ,85345,33.5914269,-112.2555153,4.5,30,1,Automotive;Tires;Auto Repair;Auto Parts & Supplies;Oil Change Stations
nigYwB_m1TQ1WosjSWi-Hw,"""Simply Burgers""",,"""1455 W Elliot Rd""",Gilbert,AZ,85233,33.3496582,-111.8212381,3.0,5,0,Burgers;Restaurants
W1Yr6c2XDx_RBjb6WsV-aQ,"""Divine Cafe at the Springs Preserve""",Westside,"""333 S Valley View Blvd""",Las Vegas,NV,89152,36.1707064994,-115.190288481,4.0,140,1,Restaurants;Cafes;American (New);Bars;Nightlife;Wine Bars
oZBISmgb-GjOdj-ik8UfjA,"""Cvs Pharmacy""",,"""2840 N Dysart Rd""",Goodyear,AZ,85395,33.4781619,-112.3417909,1.5,7,1,Shopping;Drugstores
SJAggfn8ta7XLD98XD2mkw,"""QDC Burger""",Saint-Laurent,"""975 Boulevard Roméo-Vachon Nord""",Dorval,QC,H4Y 1H1,45.4572636735,-73.7515835661,3.0,11,1,Burgers;Fast Food;Restaurants
OcUVZniPo7CnIG-Tv83XcQ,"""Karl M Larsen, OD""",Northwest,"""8660 W Cheyenne Ave, Ste 120""",Las Vegas,NV,89129,36.2189115,-115.2838436,5.0,3,1,Optometrists;Health & Medical;Eyewear & Opticians;Shopping
o8cX77mJ1nHMMo0URPS5bg,"""Joey Smoke Shop""",,"""1111 N Gilbert Rd, Unit 110""",Gilbert,AZ,85234,33.3700232,-111.789418,4.0,5,1,Tobacco Shops;Hobby Shops;Shopping
x5s5yvoI3QFLBZE6JNNhyg,"""Hard Surface Detox Pros""",,"""""",Peoria,AZ,85345,33.5704697,-112.2503239,5.0,5,1,Home Services;Grout Services;Carpet Cleaning;Damage Restoration;Home Cleaning;Local Services
EXsmUB2mJyJsCpCV-56Ujw,"""Paulina Clute Events""",,"""5888 Spring Ranch Pkwy""",Las Vegas,NV,89118,36.090924,-115.2221746,5.0,16,1,Party & Event Planning;Wedding Planning;Event Planning & Services
NC03ZDFpIYpEi2aiFTmGPg,"""Office Depot""",,"""6115 W Tropicana Ave""",Las Vegas,NV,89103,36.099874,-115.225732,3.0,6,0,Office Equipment;Shopping
AR6mrWO89rq-ku_t_E71AA,"""Munchie Delivery""",Capitol,"""111 N Broom St""",Madison,WI,53703,43.0727667,-89.3901614,3.5,7,0,Convenience Stores;Desserts;Food Delivery Services;Food;Grocery
KX_4sldJKgkEWaYVfSWjwQ,"""Mint Garden""",,"""17830 Leslie Street""",Newmarket,ON,L3Y,44.073795599,-79.4344339118,3.5,11,1,Restaurants;Food;Vietnamese
WSZL9uQ9JMOrrulMKEl7Tw,"""Mayze""",Scarborough,"""2210 Markham Road, Unit 3""",Toronto,ON,M1B 5V6,43.8092819369,-79.2445393614,4.5,32,1,Arcades;Arts & Entertainment;Party & Event Planning;Escape Games;Event Planning & Services;Active Life
CfEJGhzBFkWKoe-UTT2jiw,"""Exotic Nails Touch""",,"""4961 Dover Center Rd""",North Olmsted,OH,44070,41.4175274,-81.9227102,4.0,12,1,Beauty & Spas;Nail Salons
vzx1WdVivFsaN4QYrez2rw,"""Subway""",,"""5111 Boulder Hwy""",Las Vegas,NV,89122,36.1128952,-115.0623534,3.0,3,1,Sandwiches;Restaurants;Fast Food
-McKyjNSqS1h9dDJH3dyUA,"""Restaurant Plenum""",Oberer Schlossgarten,"""Konrad-Adenauer-Str. 3""",Stuttgart,BW,70173,48.7787468,9.1835106,3.5,15,1,Restaurants;Coffee & Tea;Cafes;German;Food
z0BQG6LJOmd8E7cNuMtH0A,"""Jet Club""",Ville-Marie,"""1003 Rue Sainte-Catherine E""",Montréal,QC,H2L 2G4,45.5171956,-73.5575084,1.5,3,0,Comedy Clubs;Nightlife;Shopping
y7g-pgAFx37vKytP5oRD0Q,"""Bakery King""",,"""2833 N Green Valley Pkwy""",Henderson,NV,89014,36.071826951,-115.082500577,3.5,18,1,Food;Bakeries;Donuts
iOudjMD1sFvD9QTltPQiTg,"""Motel 6 Cleveland-Willoughby""",,"""35110 Maplegrove Rd""",Willoughby,OH,44094,41.6053496,-81.4366698,2.5,15,1,Hotels & Travel;Event Planning & Services;Hotels
aWnASLfWj1G6ptH4SR5RRA,"""Rocky Mountain Chocolate Factory""",Westside,"""9795 W Charleston Blvd, Ste 101""",Las Vegas,NV,89117,36.158484036,-115.311185382,2.0,3,1,Chocolatiers & Shops;Desserts;Specialty Food;Food
v3tBN6s8BhotnjA7GncQnQ,"""Curves""",Yonge and Eglinton,"""36 Eglinton Ave W, 2nd Floor""",Toronto,ON,M4R 1A1,43.7065345,-79.3999878,3.5,3,0,Health & Medical;Active Life;Weight Loss Centers;Fitness & Instruction;Trainers;Nutritionists;Gyms
AVtMhvR_3bhL9VkRrAG6dQ,"""Accurate Pest Control""",,"""11360 E Stradling Ave""",Mesa,AZ,85212,33.324286,-111.587623,4.5,3,1,Pest Control;Local Services
PJ-VbAtIOso1dqd2frQqqg,"""Donut Tyme""",Sunrise,"""4268 E Charleston Blvd""",Las Vegas,NV,89104,36.1593275383,-115.082178745,4.5,76,1,Donuts;Food
JmKgz6n7zn24F-WkgT-kiA,"""Maki My Way""",St. Lawrence,"""7 King Street E""",Toronto,ON,M5C 3C5,43.6491517002,-79.3774947524,4.5,7,1,Restaurants;Sushi Bars;Japanese;Asian Fusion
mtTxLi9CZNOsDqOTJH3pQw,"""Felicitea""",NoDa,"""516 E 15th St, Ste 11D""",Charlotte,NC,28206,35.2328829,-80.8256098,3.0,4,0,Food;Coffee & Tea;Massage;Beauty & Spas
zV_aclADLjx2KOql9F_FTw,"""Crepe Cafe""",,"""313 E Green St, Ste 5""",Champaign,IL,61820,40.109986,-88.233777,3.0,4,0,Restaurants;Creperies
DCQ3qzzmsm1JZxvW8-bCgQ,"""Phone Savers""",,"""3552 E Corona Ave""",Phoenix,AZ,85040,33.4061011,-112.0043218,5.0,12,1,Mobile Phones;IT Services & Computer Repair;Shopping;Electronics Repair;Mobile Phone Repair;Local Services
yh-NN-dCaxxleNcI-_bsUA,"""El Dorado's""",,"""1331 S Water St""",Kent,OH,44240,41.1416311,-81.3566025,2.5,7,1,Pizza;Restaurants
8GL63JMAiD0mI-Z1Y-kT2Q,"""State Theater""",Playhouse Square,"""1501 Euclid Ave, Ste 200, Playhouse Square""",Cleveland,OH,44114,41.5021892095,-81.6805508637,4.5,5,1,Arts & Entertainment;Performing Arts
EiZYdEo9p2K6r6CnZ5gqsw,"""Mr. Rooter Plumbing of Phoenix Arizona""",,"""333 S. Nina Dr""",Mesa,AZ,85210,33.408799,-111.850522,4.0,28,1,Plumbing;Home Services
bA21m-qbgN_GNR6g-AlfYw,"""Dynasty Buffett""",,"""2932 E Franklin Blvd""",Gastonia,NC,28056,35.2627353,-81.125895,3.5,30,1,Restaurants;Chinese
lZ18HyZhfrrN_VAJIpyhxQ,"""X-Nail & Spa""",Liberty Village,"""111 Jefferson Avenue""",Toronto,ON,M6K 3E4,43.6383877,-79.4216517,3.0,25,1,Hair Salons;Beauty & Spas;Nail Salons
xMP2oDrKFqyUrN0Uww85EQ,"""Dockside Seafood Market""",Eastland,"""3017 Kilborne Dr""",Charlotte,NC,28205,35.214618,-80.770211,4.5,3,1,Seafood Markets;Food;Specialty Food
pOyt4Fon5n783Jc-hrSq-A,"""Apple Wellness - Fitchburg Health Store""",,"""6313 McKee Rd""",Fitchburg,WI,53719,43.0153668,-89.4816815,4.5,14,1,Health Markets;Food;Beauty & Spas;Specialty Food;Shopping;Cosmetics & Beauty Supply
Pp_ca_wyn1vsKBNR94ZRXw,"""Anthem Smoke & Vape Shop""",,"""4205 W Anthem Way, Ste 108""",Phoenix,AZ,85086,33.8704759938,-112.150187952,2.5,6,1,Tobacco Shops;Shopping;Vape Shops
sG3jr8wLMpncvwvu8JM1Dw,"""Jimi Music Store""",Notre-Dame-de-Grâce,"""5776 Sherbrooke Rue W""",Montréal,QC,H4A 1X1,45.4699473,-73.6166366,3.5,3,1,Musical Instruments & Teachers;Shopping
d7AtQMYDUh40DeJinidFNQ,"""2 Cochons""",Villeray-Saint-Michel-Parc-Extension,"""7387 Boulevard Saint-Michel""",Montréal,QC,H2A 3A1,45.5602837,-73.6010215,3.5,3,0,Restaurants;Sandwiches;Delicatessen;Asian Fusion;Food;Cafes
aLM-0HupwCE5r7bMIcQ2TQ,"""Septic Pumping Service""",,"""""",Matthews,NC,28104,35.121876,-80.712939,5.0,3,1,Septic Services;Home Services;Plumbing;Local Services
cYuGJKCCazgCnsGGlBxaEQ,"""Bennie's Back Alley Barber Shop""",,"""1623 N Granite Reef Rd""",Scottsdale,AZ,85257,33.4663951,-111.900472,4.5,8,1,Blow Dry/Out Services;Hair Salons;Barbers;Hair Stylists;Beauty & Spas
z1hRMOmEvw7jx4cq4-8Yfw,"""La P'tite Cabane d'la Côte""",,"""5885 Route Arthur-Sauvé""",Mirabel,QC,J7N 2W4,45.6561756,-74.1571917,3.5,6,1,Food;Local Flavor;Canadian (New);Sugar Shacks;Restaurants;American (Traditional)
vIAQV1_p48AsKP-B9iULwg,"""Europtical""",,"""2932 Wooster Rd""",Rocky River,OH,44116,41.4660661,-81.8386584,5.0,6,1,Eyewear & Opticians;Health & Medical;Shopping;Optometrists
UlI0TksGFiIXtcbtg2KalQ,"""Mi Pho Song Vu""",Downsview,"""2109 Jane Street""",North York,ON,M3M 1A2,43.7184236,-79.5079286,2.5,38,1,Restaurants;Thai;Vietnamese;Chinese
98YzjvO45DRRvqrNv0hhAA,"""TTC - Toronto Transit Commision""",Mount Pleasant and Davisville,"""1900 Yonge St""",Toronto,ON,M4S 1Z1,43.6977811,-79.3967577,2.5,131,1,Hotels & Travel;Transportation;Public Transportation
Kul8tFT48hZQJkeNK5jLBQ,"""OutToday Plumbing Heating & Electrical""",,"""""",Scottsdale,AZ,85271,33.4941966734,-111.925836487,1.0,10,1,Electricians;Home Services;Heating & Air Conditioning/HVAC;Plumbing
uZd7UVMib1EYUFFbfWkGdw,"""Red and Black Mountain""",,"""US Rt 93""",Boulder City,NV,89006,35.9842524489,-114.842550653,4.5,3,1,Hiking;Active Life
cehTmoCXPi0a3FwCE3Tq2Q,"""Red Wing Shoes""",Southeast,"""2370 E Serene Ave""",Las Vegas,NV,89123,36.0219392257,-115.119186614,4.5,6,1,Shopping;Fashion;Shoe Stores
Uy3_5nLo3sYkAuSX6mjdmg,"""Geebee's Bar & Grill""",Southeast,"""8560 Las Vegas Blvd S""",Las Vegas,NV,89123,36.0342435,-115.1714093,4.5,33,0,Restaurants;American (Traditional)
mLP-jIIRdoaYM7fJqqFurw,"""Napoli Pizzeria""",Squirrel Hill,"""2006 Murray Ave""",Pittsburgh,PA,15217,40.434399,-79.9229828,4.0,53,1,Italian;Pizza;Restaurants;Salad
GDOAg680Gmi6S1MlhU7B1g,"""Taco Bell""",,"""4110 Lee Road""",Cleveland,OH,44128,41.447893,-81.564678,2.0,5,1,Mexican;Tex-Mex;Restaurants;Fast Food
2v-8QQfMLX2PCz-0S6gISQ,"""Papa John's Pizza""",,"""3441 W Northern Ave""",Phoenix,AZ,85051,33.5528695002,-112.133711849,2.5,7,1,Pizza;Restaurants;Fast Food
t8yi2l7pZF43Rlf9_lHdDA,"""Hero Certified Burgers - King & Yonge""",Downtown Core,"""79A Yonge Street""",Toronto,ON,M5C 1S8,43.6495217,-79.3779103,2.5,29,1,Burgers;Restaurants
AXb5gCwqHl-_v6ZIMb1mXQ,"""Sheraton Great Valley Hotel""",,"""707 E Lancaster Ave""",Frazer,PA,19355,40.0339411,-75.5818949,3.0,43,1,Hotels;Restaurants;Event Planning & Services;American (New);Hotels & Travel
XSrN9gtLHC8MtUnSobZfDQ,"""Condom Shack""",Queen Street West,"""231 Queen Street W""",Toronto,ON,M5V 1Z4,43.6503839,-79.3882478,4.0,18,1,Shopping;Adult
5GAXZ7gJ81TSR0-Q6AMp_A,"""Via Panini""",Edgeley,"""90 Edgeley Boulevard""",Vaughan,ON,L4K 5C7,43.7964604062,-79.5332054719,4.0,7,1,Italian;Restaurants
HyE2qiMaz7HMJWDhunHA4A,"""Underground Diesel""",,"""120 E Merlayne Dr""",Henderson,NV,89011,36.0635579,-115.007631,3.5,26,1,Auto Parts & Supplies;Automotive;Auto Repair
Vl9UFifPCWTGKdogF5gnvw,"""Perfection Plus Carpet & Tile Cleaning""",,"""7349 Via Paseo Del Sur, Ste 515""",Gilbert,AZ,85233,33.547118,-111.902847,3.0,8,1,Tiling;Carpet Cleaning;Home Services;Refinishing Services;Local Services
XG0twdTiMzUS3v3p9OZbJA,"""Winners""",,"""1881 Steeles Avenue W""",North York,ON,M3H 5Y4,43.7863927,-79.4684834,3.0,3,1,Fashion;Women's Clothing;Accessories;Shopping
htKaC4cHY4wlB4Wqb8CDnQ,"""Allure""",Bloomfield,"""4730 Liberty Ave""",Pittsburgh,PA,15224,40.4613787,-79.948991,4.0,4,1,Accessories;Women's Clothing;Fashion;Shopping
Q1MzgzH263RgYX4TU4xQ2Q,"""Bridal Wear House""",Spring Valley,"""5060 S Fort Apache Rd, Ste 100""",Las Vegas,NV,89148,36.0967114,-115.296528,2.0,4,0,Wedding Planning;Fashion;Formal Wear;Event Planning & Services;Bridal;Party & Event Planning;Shopping
kyXEnWKQGWSThY6EcjORuw,"""Zorba's Restaurant""",,"""627 E Green St""",Champaign,IL,61820,40.110085,-88.229304,4.0,109,1,Restaurants;Greek;Salad;Mediterranean
M3uV9Y3EDSpy9d4YwyNSAQ,"""Yakiramen""",,"""10605 N 43rd Ave""",Phoenix,AZ,85029,33.5823628,-112.1498845,4.0,66,1,Nightlife;Japanese;Music Venues;Ramen;Arts & Entertainment;Restaurants;Bars
swZaqSjwq4UF8QhEtacx5A,"""EasyStreet Realty""",Southeast,"""1421 E Sunset Rd, Ste 10""",Las Vegas,NV,89119,36.0712299,-115.1330676,5.0,5,1,Real Estate Services;Real Estate;Home Services
P5TLch0Fu9p3o6W2hRSz0g,"""Terrible Herbst""",Southeast,"""1785 E Sunset Rd""",Las Vegas,NV,89119,36.0713491,-115.1282562,4.5,5,1,Automotive;Gas Stations
1cLXGXThDYZ5WK_KpBLtkw,"""Koko Bakery""",Goodrich Kirtland,"""3710 Payne Ave""",Cleveland,OH,44114,41.5094078,-81.6621618,4.0,167,1,Bakeries;Coffee & Tea;Bubble Tea;Food
KVPGEIZb0i5EBYOrlMOziQ,"""Foxridge Park""",,"""420 Valle Verde Dr""",Henderson,NV,89014,36.0585341694,-115.068762315,4.0,9,1,Active Life;Parks;Playgrounds
onb5syYKz4Wf3cwQWuqv1A,"""Recinos Shoe Repair""",,"""3250 Civic Center Dr""",North Las Vegas,NV,89030,36.2194899,-115.1192341,5.0,13,1,Sewing & Alterations;Local Services;Shoe Repair
7m9ux0KgTe2NwUU0XA_9xQ,"""Double Take Auto Detailing""",Banksville,"""3030 Banksville Rd""",Pittsburgh,PA,15216,40.4013214219,-80.0430171937,4.5,14,1,Automotive;Auto Detailing;Mobile Dent Repair;Auto Upholstery;Auto Glass Services
4SBY4CHiMD8YOCEU9_fdnw,"""Fidora Salon and Spa""",Downtown Core,"""123 Queen Street W""",Toronto,ON,M5H 3M9,43.6511809,-79.3844646,4.0,3,1,Day Spas;Hair Salons;Beauty & Spas
VWNvhS3kUYU9qxiFudb6Ag,"""Violettas Custom Tailoring""",,"""12370 N 83rd Ave, Ste 11""",Peoria,AZ,85381,33.597032,-112.238465,3.0,4,1,Sewing & Alterations;Local Services
JdzoBklGL66IPFxGkJ2lQA,"""Shizen Spa""",Downtown Core,"""Pantages Hotel, 200 Victoria Street""",Toronto,ON,M5B 1W8,43.6544552,-79.3792096,3.5,4,1,Massage;Nail Salons;Skin Care;Day Spas;Beauty & Spas
Muk-jU2W2x1D__h0pCXhbw,"""GoodLife Fitness""",Liberty Village,"""85 Hanna Ave, Ste 200""",Toronto,ON,M6K 3S3,43.64006,-79.4198125,3.5,33,1,Active Life;Sports Clubs;Gyms;Fitness & Instruction;Trainers
JX3ivaSLYcAmDS0HmLOxiA,"""Eastside Performance""",,"""343 S Davis""",Mesa,AZ,85210,33.4083232,-111.853855,4.5,11,1,Motorcycle Repair;Automotive;Motorcycle Dealers
JsQ_hJoHzEcXp209LI1t_g,"""Shoppers Drug Mart""",,"""292 Dupont Street""",Toronto,ON,M5R 1V9,43.6749598,-79.4079863,3.5,10,1,Photography Stores & Services;Shopping;Beauty & Spas;Cosmetics & Beauty Supply;Drugstores
LOeVGnlOti05f86ZZbgY7Q,"""Coyle Auto Body""",,"""540 McNeilly Rd""",Pittsburgh,PA,15226,40.3835043,-80.0178472,3.5,3,1,Automotive;Auto Repair;Body Shops
oMH0Ac-Pke2Ph4btOXiQuw,"""Hot Yoga Ahwatukee""",,"""4025 E Chandler Blvd, Ste 22""",Phoenix,AZ,85048,33.3050778508,-111.995494589,4.5,18,0,Yoga;Active Life;Fitness & Instruction
nSD-uxCMb745bH3dxoko9Q,"""Taco Bell""",,"""2453 HWY 160""",Tega Cay,SC,29708,35.04967,-80.99063,4.0,13,1,Tex-Mex;Mexican;Restaurants;Fast Food
stDINY-WbudvOK9kfCX9Hw,"""Paris Optique""",,"""3111 W Chandler Blvd, Ste 2152""",Chandler,AZ,85226,33.3056732,-111.8977556,3.5,7,1,Shopping;Health & Medical;Eyewear & Opticians;Optometrists
rasO0zMTS6uw-LX9IFbfSw,"""ABC Plumbing and Rooter""",,"""284 East Chilton Dr, Ste 1""",Chandler,AZ,85226,33.3061605,-111.8412502,3.5,22,1,Local Services;Home Services;Plumbing;Septic Services;Water Heater Installation/Repair
NXoGguzSd3DrsaGRIQXLpg,"""Deer Creek Animal Hospital""",,"""3025 E Rose Garden Ln""",Phoenix,AZ,85050,33.6758843,-112.0175964,4.0,71,1,Pets;Veterinarians;Pet Services;Pet Groomers;Pet Sitting
2eU7ltXoQ2U7SyLhuY9Vxw,"""Fueled Espresso and Freshbar""",Christie Pits,"""739 Ossington Avenue""",Toronto,ON,M6G,43.6623625,-79.4256786,3.5,9,0,Juice Bars & Smoothies;Food
2Hv5ELUYvnkZtCLZaBhTcw,"""Thy Word Ministries""",Southeast,"""5820 S Pecos Rd, Ste 400""",Las Vegas,NV,89120,36.0837776,-115.1004693,5.0,4,1,Churches;Religious Organizations
bXuHmdgo3DM7JIYNXN4Ndg,"""Today's Patio""",,"""23616 N 19th Ave""",Phoenix,AZ,85027,33.702171,-112.099969,4.5,5,1,Home & Garden;Active Life;Home Decor;Shopping;Discount Store;Furniture Stores;Swimming Pools
WghcqSAGCzKOhprLblYWVA,"""Get Results Personal Training""",Westside,"""7980 W Sahara Ave""",Las Vegas,NV,89117,36.1448478699,-115.26499939,5.0,25,1,Active Life;Boot Camps;Trainers;Fitness & Instruction;Gyms
KbSoYXHUz_Bjo-v0VWHDrw,"""St. Andrew Square""",New Town,"""St Andrew Sq""",Edinburgh,EDH,EH1 1,55.9538598,-3.1917875,4.5,14,1,Active Life;Parks;Local Flavor
vMO2vNyWLuxumso7t3rbYw,"""Pablo's Grill It Up""",Scarborough,"""300 Borough Drive""",Scarborough,ON,M1P 4P5,43.7761459,-79.2576385,4.0,5,1,Food Court;Restaurants;Barbeque
DVaTciFGcCXLHTufHZM4_A,"""Big Bang - Dueling Piano Bar""",,"""501 S Mill Ave, Ste B-101""",Tempe,AZ,85281,33.4252659831,-111.939773558,4.0,161,0,Music Venues;Lounges;Dive Bars;Bars;Nightlife;Piano Bars;Arts & Entertainment
s16EYpC3UIxVoEs0JI-juQ,"""Euro Home Decor""",,"""4309 Steeles Avenue W""",Toronto,ON,M3N 1V7,43.7735111174,-79.5298255958,2.5,3,1,Home Services;Shopping;Home Decor;Shades & Blinds;Interior Design;Building Supplies;Home & Garden
NOHh2pgOTUBqp82IQlRQMQ,"""Panagio's All Day Grill""",Scarborough,"""1928 McCowan Road""",Scarborough,ON,M1S 4K1,43.7929785,-79.2602761,3.5,110,1,Canadian (New);Restaurants;Breakfast & Brunch
FtexOfH0spZrWcfj0LATiA,"""Green O' Aces Pools & Landscape""",Westside,"""9300 Provence Garden Ln""",Las Vegas,NV,89145,36.1683449,-115.2659777,5.0,5,1,Pool & Hot Tub Service;Home Services;Landscape Architects;Active Life;Contractors;Swimming Pools;Landscaping
Qv0OEziLJwyAqcgtrTsA4w,"""Luke's Of Chicago""",,"""15223 N Northsight Blvd""",Scottsdale,AZ,85260,33.6228299458,-111.892189979,3.5,50,0,Italian;Restaurants;Sandwiches;Hot Dogs
TzlaonysPohYJyLIFTk6Jg,"""Az Vip Transportation""",,"""10166 E Clinton St""",Scottsdale,AZ,85260,33.584122,-111.861887,5.0,3,1,Transportation;Event Planning & Services;Airlines;Hotels & Travel;Airport Shuttles;Limos;Party Bus Rentals;Public Transportation
qts-sjm1sj3oiT_Rch1zhQ,"""Men's Wearhouse""",,"""11215 Carolina Place Pkwy""",Pineville,NC,28134,35.0805730919,-80.8783729281,2.0,6,1,Fashion;Men's Clothing;Shopping;Plus Size Fashion;Formal Wear
lh2Lpra5q06qDxZeBQPOuQ,"""Vans""",,"""9617 N Metro Parkway, West Space#2170""",Phoenix,AZ,85051,33.574974,-112.1210338,3.5,3,1,Shopping;Men's Clothing;Shoe Stores;Fashion;Women's Clothing
8ksIhKcaFmzRX5pYA8cs0g,"""Lone Mortgage Steven Stewart""",Spring Valley,"""5275 S Durango Dr""",Las Vegas,NV,89113,36.0931238,-115.2797507,5.0,3,1,Mortgage Brokers;Financial Services;Mortgage Lenders;Real Estate;Home Services
xiSEUnaX77EhNz-l3ag7RA,"""LV Nail Lounge""",Spring Valley,"""8530 W Warm Spring Rd, Ste 105""",Las Vegas,NV,89113,36.0563527,-115.2773493,4.5,56,1,Hair Removal;Beauty & Spas;Waxing;Nail Salons
BiBILjVBFpT3QtYRwhrL6w,"""Washington & Lee Service, Inc""",,"""2080 Lee Rd""",Cleveland,OH,44118,41.5028239,-81.565937,4.0,9,1,Auto Repair;Gas Stations;Automotive
zF7HHlWxhgpaO4IVmaNeag,"""Check, Please Arizona Festival""",,"""One E Washington""",Phoenix,AZ,85004,33.4484279,-112.0731767,4.0,5,1,Arts & Entertainment;Yelp Events;Festivals;Local Flavor
aD4qhONCE5catMdQC4sqwg,"""Reginos Pizza""",Upper Beach,"""3331 Danforth Avenue""",Scarborough,ON,M1L 1C5,43.6868362415,-79.2938377817,3.5,10,1,Restaurants;Pizza
e4-Clr5QT4l3Rf9R7tQ5aQ,"""Fresh & Easy""",,"""1209 E Bell Rd""",Phoenix,AZ,85022,33.6396146,-112.0561959,4.0,25,0,Shopping;Grocery;Florists;Flowers & Gifts;Bakeries;Convenience Stores;Food
lXGx_aKtF_UxenWDDkogWg,"""Northern Karate School""",,"""756 St Clair Avenue W""",Toronto,ON,M6C 1B5,43.6814322,-79.4283766,4.0,6,1,Active Life;Sporting Goods;Karate;Education;Shopping;Martial Arts;Specialty Schools;Trainers;Fitness & Instruction
c1HfT-Rm4iYSxsAsk8eW4Q,"""Cleveland Dog Walk""",Ohio City,"""""",Cleveland,OH,44113,41.4857101,-81.6966306,5.0,5,1,Pet Services;Pet Sitting;Dog Walkers;Pets
paN928wuyEHzxw7Zn5_snw,"""DSW Designer Shoe Warehouse""",,"""291 Crocker Park Blvd""",Westlake,OH,44145,41.459565,-81.950716,4.0,4,1,Fashion;Shoe Stores;Shopping
akRtfcCezswizRIaAqJ4fQ,"""KFC""",,"""25467 Detroit Avenue""",Westlake,OH,44145,41.47,-81.9014,2.0,9,1,Chicken Wings;Restaurants;Fast Food
kpM-NegY__31O-XMEEesdg,"""Banana Republic""",,"""200 Market St""",Westlake,OH,44145,41.4574934,-81.9521746,3.0,4,1,Shopping;Sporting Goods;Women's Clothing;Men's Clothing;Sports Wear;Fashion
llE7OE0-4_LTS8rpGKOO-Q,"""University Dental Associates""",Biddleville,"""2609 N Duke St, Ste 618""",Charlotte,NC,28269,35.2723727,-80.8834788,4.5,5,1,Cosmetic Dentists;Dentists;Orthodontists;Health & Medical;General Dentistry
wZ-o2o-LVjc03JKb9_oZuQ,"""Vegas Bead Shoppe""",Southeast,"""1335 E Sunset Rd, Ste D""",Las Vegas,NV,89119,36.069854,-115.135582,4.0,13,0,Jewelry;Arts & Crafts;Shopping
P2V7MzTHkC6-A0IlJIPBEw,"""Spay Neuter Clinic: North Phoenix""",,"""12416 N 28th Dr, Ste 16""",Phoenix,AZ,85029,33.5978118,-112.1203119,4.0,41,1,Pets;Veterinarians;Pet Services
MfI-S7392ENwqWG89g4Opw,"""Southwest Drivetrain & 4WD""",,"""2316 N 32nd St""",Phoenix,AZ,85008,33.4737051,-112.0132277,5.0,4,0,Automotive;Auto Parts & Supplies
N_W4JlpCw02VPSf5Mrxwqg,"""Dunkin' Donuts""",,"""607 E Green St""",Champaign,IL,61820,40.1101065,-88.2299909,4.0,7,1,Food;Donuts;Coffee & Tea
JtBJ-UPbVjJvqzqkO-jnjA,"""Champ's Sports""",,"""11025 Carolina Place Pkwy""",Pineville,NC,28134,35.0822,-80.8772242,2.0,3,1,Shopping;Sporting Goods
5BjhQ_Tmm9ppK4UGrMr09g,"""Montreal Delicatessen & Family Restaurant""",,"""2055 Dundas Street E""",Mississauga,ON,L4X 2V9,43.623867,-79.5693346,4.0,43,1,Restaurants;Sandwiches;Delis
y0YoEY7JamQjTWju6OqjkQ,"""Bentley Carpet Installation and Sales""",,"""3131 N 35th Ave, Ste O""",Phoenix,AZ,85017,33.4849497,-112.1338086,4.5,10,1,Flooring;Carpeting;Carpet Installation;Home Services
XguKrY0dAuaK1W6HUlUQ1Q,"""Retz's Laconi's II""",,"""547 Sackett Ave""",Cuyahoga Falls,OH,44221,41.1312823,-81.4901798,3.5,29,1,Italian;Restaurants;Pizza
W58P-gdejuMMh2r7OHpIyQ,"""Essence of Harmony Sacred Massage""",,"""40TH St E Indian School Rd""",Phoenix,AZ,85018,33.4949336872,-111.995244882,5.0,7,1,Education;Health & Medical;Beauty & Spas;Massage;Physical Therapy;Massage Therapy
IHv_GCCzxVgmKSW1yb2jtA,"""Shampoo Hair Studio""",Kensington Market,"""32 St Andrew Street""",Toronto,ON,M5T 1K6,43.6541071,-79.4002015,3.5,10,1,Beauty & Spas;Hair Salons
7fiIMBxbOYdAv3XMcmWivw,"""Renee's Relaxation and Body Mechanics""",Campus District,"""850 Euclid Ave""",Cleveland,OH,44115,41.494619,-81.675465,3.0,3,1,Massage;Beauty & Spas
bBZwjf9jAe6j-n54jDcTxA,"""Century 21 Desert Estates Realty""",,"""4250 W Anthem Way, Ste 430""",Anthem,AZ,85086,33.8740033,-112.150162,2.0,4,1,Real Estate Services;Real Estate;Home Services;Property Management;Real Estate Agents
Rh2smrKvcamnP8VBUgMI0Q,"""Dim Sum King Seafood Restaurant""",Chinatown,"""421 Dundas St W, 3rd Fl""",Toronto,ON,M5T 1G6,43.653324,-79.395372,3.5,165,1,Chinese;Restaurants;Dim Sum
Svs-B-a5-13D2dGTKxLsyw,"""Mr Chicken""",,"""11680 Snow Rd""",Cleveland,OH,44130,41.4050396,-81.7683865,3.0,4,0,Restaurants;Fast Food
O_UC_izJXcAmkm6HlEyGSA,"""Playa Cabana""",The Annex,"""111 Dupont Street""",Toronto,ON,M5R 1V4,43.6759577693,-79.4011840224,4.0,363,1,Mexican;Restaurants;Nightlife;Bars
_ltkVUDwaI0MTxv8g21k1A,"""Manchu Wok""",Laval,"""3035 Boulevard Le carrefour""",Laval,QC,H7T 1C8,45.5711913654,-73.7550638852,3.0,3,1,Fast Food;Restaurants;Chinese
by_hdCLqAMHW8EEfPYjktA,"""Vital Lunch""",,"""Tübinger Str. 22""",Stuttgart,BW,70178,48.7716,9.17372,3.0,6,0,Food;Caterers;Restaurants;Fast Food;French;Event Planning & Services;Food Delivery Services
6PwKC0dqP9uI85FEP86iPQ,"""Red Viet Cuisine - Sushi""",,"""5221 S Power Rd, Ste 104""",MESA,AZ,85212,33.3210685814,-111.685171832,3.5,164,0,Sushi Bars;Restaurants;Japanese;Asian Fusion;Vietnamese
WZdHNL9F0VWPRGLf1GQcbA,"""Steak 'n Shake""",,"""2656 E Franklin Blvd""",Gastonia,NC,28056,35.2606186789,-81.1305777781,2.5,28,1,Fast Food;Restaurants;Burgers;Breakfast & Brunch;American (New)
HNPipWcVQztvyPQ-S05_2Q,"""Desert Wind Harley-Davidson""",,"""922 S Country Club Dr""",Mesa,AZ,85210,33.39812,-111.841724,4.0,14,1,Motorcycle Dealers;Automotive
dfeT_kmoO388KzyVv0Styg,"""Tutti Frutti""",,"""1500 Elgin Mills Road E, Unit 106""",Richmond Hill,ON,L4S 1M5,43.8989497,-79.3955067,4.0,5,0,Food;Ice Cream & Frozen Yogurt
2W4ib_VaQecBX5QsROf6tA,"""Penny Pincher""",,"""2401 W Van Buren St""",Phoenix,AZ,85009,33.4509469,-112.1113283,4.0,20,1,Auto Parts & Supplies;Automotive
GlZMZrA-whyu1INVXcvRnw,"""Al Wilhelmy Flowers, Inc.""",Civic Center,"""412 Superior Ave""",Cleveland,OH,44114,41.5008098,-81.6912682,4.0,3,1,Fruits & Veggies;Shopping;Specialty Food;Flowers & Gifts;Food;Florists
YTXTddeFATWYyCkopgaJig,"""Triple R Child Care""",,"""7100 W Chandler Blvd""",Chandler,AZ,85226,33.305861,-111.965508,4.0,3,0,Preschools;Child Care & Day Care;Local Services;Education;Elementary Schools
g-DJdpZnDpZ3gGpNxitxkA,"""Creative Home Stagers""",,"""7427 Matthews-Mint Hill Rd""",Mint Hill,NC,28227,35.1760893,-80.6537344,5.0,4,1,Home Services;Real Estate
ww_MXl-qDLeYdYTZZ9KWbA,"""Pho Linh""",Brockton Village,"""1156 College Street W""",Toronto,ON,M6H 1B6,43.652368,-79.4340771,4.0,162,1,Vietnamese;Restaurants
d4GBb0eVWVdfL5aJx3UCRg,"""Casual Water""",,"""Tega Cay Golf Club, 15083 Molokai Dr""",Tega Cay,SC,29708,35.024312,-81.0278546,3.5,23,0,Arts & Entertainment;American (Traditional);Sushi Bars;Nightlife;Restaurants;Music Venues
bA4uXceTHDywJtTXQU7SkA,"""G&K Services""",,"""4670 Vandenberg Dr""",North Las Vegas,NV,89081,36.245968,-115.087177,3.5,3,1,Fashion;Clothing Rental;Uniforms;Building Supplies;Home Services;Shopping
Qs7X8UTwtp9SvtxvEP4hLg,"""Fine Wine & Good Spirits - Premium Collection""",,"""The Water Works, 974 Freeport Rd""",Pittsburgh,PA,15238,40.4886935886,-79.8908097541,5.0,7,1,Beer;Wine & Spirits;Food
Mmh4w2g2bSAkdSAFd_MH_g,"""Red Bowl""",,"""845 Stockbridge Dr""",Fort Mill,SC,29708,35.0630611,-80.9937419,3.0,77,1,Restaurants;Asian Fusion
Po2W_ZiJdxItHHll4WP5WA,"""Thomsons World Of Furniture""",,"""Kingseat Road, Halbeath""",Dunfermline,FIF,KY11 8PQ,56.082843882,-3.4028462995,3.5,3,1,Shopping;Home & Garden;Furniture Stores
xZlWuKKUgETwFgZ0dshHAA,"""OMD Official Music District""",Eastside,"""953 East Sahara, Ste B-30""",Las Vegas,NV,89109,36.1425179,-115.1422063,2.5,3,1,Music Venues;Nightlife;Arts & Entertainment
lBNPDcSvmUbq7W69HvmRTA,"""Pizza Hut""",Etna,"""550 Butler St""",Etna,PA,15223,40.500796,-79.943429,1.5,15,1,Italian;Pizza;Chicken Wings;Restaurants
BWhspaDdGQwZAkXieytvUQ,"""Gina Louisa Designs""",Eastside,"""""",Las Vegas,NV,89121,36.1165487,-115.0881146,5.0,11,0,Flowers & Gifts;Shopping;Florists
i8BUEXriiKa-RmOImgbqaQ,"""Philemon Bar""",Ville-Marie,"""111 Rue Saint Paul Ouest""",Montréal,QC,H2Y 1Z4,45.5052265451,-73.5540890694,3.5,48,1,Bars;Wine Bars;Nightlife
U1ZVgF-kfkvv_rcoe0RglQ,"""Pho Noodles""",,"""3417 N 7th Ave""",Phoenix,AZ,85013,33.4887595,-112.082401842,4.5,172,1,Restaurants;Noodles;Vietnamese
FfI9FOaQqzUxixw6_glt3Q,"""Affinito's Bistro""",,"""3655 W Anthem Way, Ste C-137""",Phoenix,AZ,85086,33.8649643,-112.1388202,3.0,6,0,Restaurants;Italian
3b4efqz06QrLQ_w2xLc4pA,"""Olive Garden Italian Restaurant""",,"""10223 N Metro Parkway E""",Phoenix,AZ,85051,33.5803023,-112.1196529,3.0,40,0,Restaurants;Italian
dPxZI9lrKTl5dvFfnb1_Ig,"""Trattoria Italia""",Anthem,"""9905 S Eastern Ave, Ste 140""",Las Vegas,NV,89183,36.0100856,-115.1186563,4.5,210,1,Seafood;Italian;Pizza;Restaurants
LaWNGoxsBBrzm6C7Driz5Q,"""Shear Talent""",,"""5241 Library Rd""",Bethel Park,PA,15102,40.3327563,-80.0220604,5.0,4,1,Hair Extensions;Nail Salons;Makeup Artists;Hair Salons;Permanent Makeup;Beauty & Spas
I5T7rAAENTTMHJtjGqB2-w,"""Rovers Pub""",Seaton Village,"""570 Bloor St W""",Toronto,ON,M6G 1K1,43.6650304,-79.411894,3.5,8,0,Pubs;Nightlife;Bars
LrYSnxLKarkzeNHqq50r-A,"""Truscott Italian Bakery & Delicatessen""",,"""2425 Truscott Dr""",Mississauga,ON,L5J 2B4,43.5125352,-79.6487929,4.0,22,1,Food;Delis;Bakeries;Restaurants
bviMnO3CdmFE1btUGlXc-w,"""Green Post""",Kensington Market,"""221 Augusta Avenue""",Toronto,ON,M4W 1A7,43.6542899,-79.4018971,4.0,4,1,Food;Specialty Food;Health Markets
kP9GA7pq8CBo9zLNu2ccAQ,"""Valero - In The Zone""",,"""4328 E Chandler Blvd""",Phoenix,AZ,85048,33.3059769,-111.9895616,1.5,3,0,Automotive;Gas Stations
wpWG_idUVCaMFl8C-H7BSQ,"""The UPS Store""",,"""7558 W Thunderbird Rd, Ste 1""",Peoria,AZ,85381,33.6116356067,-112.221621449,3.5,19,1,Notaries;Printing Services;Shipping Centers;Local Services
YZLtgv4rgOQcDL23fcRigQ,"""Simia Henry.com""",,"""6730 E Mcdowell Rd""",Phoenix,AZ,85015,33.466401,-111.935237,5.0,3,1,Arts & Entertainment;Health & Medical;Supernatural Readings
RAUI7uwpMP6dlcHXkavwHg,"""Smashburger""",,"""5215 W Baseline Rd""",Laveen,AZ,85339,33.3764804463,-112.171588953,3.0,23,1,Burgers;Restaurants
Zwh1Cn10m9Hy-T4TVPf0PA,"""West Valley Dental""",,"""16630 W Greenway Rd""",Surprise,AZ,85370,33.6257671,-112.415733,2.5,12,0,General Dentistry;Dentists;Health & Medical
UXPgUZ-3ywG_tNKG41kaag,"""Rising Phoenix Painting""",,"""""",Phoenix,AZ,85255,33.6803004,-111.8330106,5.0,20,1,Home Services;Painters
UuxH5yQpl73XJkzfLN-qdg,"""Cleveland Indians""",Gateway District,"""2401 Ontario St""",Cleveland,OH,44115,41.4953415,-81.6853573,4.0,36,1,Stadiums & Arenas;Arts & Entertainment;Professional Sports Teams
i-2HewuIRF2ORDT8UfrSUw,"""Collins Commercial Services""",,"""16413 N 91st St, Ste C150""",Scottsdale,AZ,85260,33.634121,-111.884341,4.0,52,1,Heating & Air Conditioning/HVAC;Plumbing;Home Services
-jaX1hGZuerfwcNltMF_fg,"""Jackson Hewitt Tax Service""",Spring Valley,"""7200 Arroyo Crossing Pkwy""",Las Vegas,NV,89113,36.064516,-115.248592,2.5,3,1,Financial Services;Accountants;Tax Services;Professional Services
irYAkavSVtIEyGOsHK-yPw,"""Palette""",,"""1625 N Central Ave""",Phoenix,AZ,85004,33.4667324,-112.0727233,3.5,43,1,Event Planning & Services;American (New);Sandwiches;Salad;Caterers;Restaurants
GsvsUBgE-aYIeiCAenN1gA,"""Phoenix Tequila Festival""",,"""201 E Jefferson St""",Phoenix,AZ,85004,33.4460091,-112.0712364,4.5,5,1,Local Flavor;Festivals;Arts & Entertainment
K8dYoXbGDWJr_vSlVwDN1A,"""Garam Masala""",East Credit,"""40 Bristol Rd E""",Mississauga,ON,L4Z 3K8,43.6137775,-79.6618675,2.5,4,1,Buffets;Restaurants;Indian
9AMePfa0ZQL7AWgazw7HfQ,"""European Nails & Spa""",,"""16815 E Shea Blvd, Ste 108""",Fountain Hills,AZ,85268,33.5743792,-111.7193602,2.5,4,1,Beauty & Spas;Nail Salons
dzHiixYF9f37QkMUa4zYZQ,"""Endurance Rehabilitation""",,"""4440 N 36th St, Ste 240""",Phoenix,AZ,85018,33.5019152,-112.0046874,4.5,23,1,Yoga;Health & Medical;Active Life;Fitness & Instruction;Physical Therapy;Trainers
fUOY7g6JcO0m3iZNfK0O0g,"""Injapan""",Liberty Village,"""124 Atlantic Avenue""",Toronto,ON,M6K 1X9,43.6397312,-79.4212973,3.0,32,1,Restaurants;Japanese;Sushi Bars
naHOPNUhSnrHmzWCQ2bWyA,"""Southwest Medical Associates at Tenaya""",,"""2704 N Tenaya Way""",Las Vegas,NV,89128,36.2088829,-115.248653,3.0,49,1,Doctors;Midwives;Urgent Care;Health & Medical;Medical Centers
ualXxlORdVbDlW-Ukww0QQ,"""Monro Muffler Brake & Service""",,"""10551 Perry Hwy""",Wexford,PA,15090,40.6115416562,-80.0545808673,3.0,4,1,Auto Repair;Oil Change Stations;Tires;Automotive
tdnvRIGCVSwWx5A-Xh15-Q,"""Wayne Brady - Making %@it Up""",The Strip,"""The Venetian Hotel & Casino, 3355 Las Vegas Blvd S""",Las Vegas,NV,89101,36.1214517,-115.1696112,4.0,25,0,Performing Arts;Arts & Entertainment
V75NLjJ8YokBD-lM2p_5Rw,"""Angry Monkey MMA""",Sud-Ouest,"""3700 Street Patrick, Suit 111C""",Montréal,QC,H4E 1A2,45.4705408,-73.580427,5.0,3,1,Martial Arts;Fitness & Instruction;Boxing;Gyms;Active Life;Trainers
J-0_mtG3QyZ_7pBMoZBkfQ,"""North Chagrin Nature Center-Cleveland Metroparks""",,"""3037 Som Center Rd""",Willoughby Hills,OH,44094,41.5712959,-81.433384,4.0,16,1,Amusement Parks;Parks;Active Life
aYQoCA8Tn-khyTptMN_Uqw,"""Wellmedica Walk-in Medical Clinic""",,"""7600 Weston Road, Unit 55""",Vaughan,ON,L4L 8B7,43.7876791692,-79.5478448644,2.5,3,1,Medical Centers;Cannabis Clinics;Pharmacy;Health & Medical;Walk-in Clinics
XIeu6wabop6VabOVFNVHIg,"""Michele's Cocktail Lounge""",,"""4232 W Van Buren St""",Phoenix,AZ,85009,33.451372,-112.1498341,2.5,5,1,Nightlife
t2Eg5QRgLg9DWUeMe_Duhg,"""Sarah B.""",Ville-Marie,"""360 Rue Saint-Antoine O""",Montreal,QC,H2Y 3X4,45.502393,-73.56031,3.5,23,1,Bars;Nightlife;Cocktail Bars
9xq1pZfhkr8frt5O_EUW0w,"""The Drake Underground""",Beaconsfield Village,"""1150 Queen St W""",Toronto,ON,M6J 1J3,43.6432048,-79.4246377,4.0,27,1,Dance Clubs;Arts & Entertainment;Music Venues;Nightlife;Lounges;Bars
WfB_SsYeKy83QQsqAAyGVQ,"""Cancun Bar & Grill""",Southeast,"""5006 S Maryland Pkwy, Ste 17""",Las Vegas,NV,89119,36.0986321,-115.1360793,4.5,5,1,Karaoke;Bars;Mexican;Restaurants;Nightlife;Dance Clubs
1EuqKW-JC-Fm3RSWRqKdrg,"""Life Springs Christian Church""",Southeast,"""2075 E Warm Springs Rd""",Las Vegas,NV,89119,36.0564011,-115.1236678,5.0,5,1,Religious Organizations;Churches
4K1_LooJ7smBLJcKaGMjUg,"""Hestia""",Ville-Marie,"""733 Rue Cathcart, Suite 6""",Montréal,QC,H3B 5L6,45.5021854,-73.5698679,4.5,6,1,Coffee & Tea;Food
m0FNdHLRkgKL1aVOQrfzUA,"""Perfect Cleaners""",Mount Pleasant and Davisville,"""748 Mount Pleasant Road""",Toronto,ON,M4S 2N6,43.7072156,-79.3900294,3.5,3,1,Local Services;Dry Cleaning & Laundry;Laundry Services
mFE7N0p3f_7vcMTUy76ifw,"""Village Inn""",,"""2780 E Germann Rd""",Chandler,AZ,85248,33.2792396,-111.7928411,3.5,49,1,American (Traditional);Breakfast & Brunch;Salad;Burgers;Restaurants
GRNe0AktRPbZKRSVzo4dUw,"""Inline Business Coach and Advisors""",,"""5450 E High St""",Phoenix,AZ,85086,33.6754711,-111.9633085,5.0,11,1,Professional Services
YgPz8vB7tw1B61qi_NLP9w,"""Kesté""",Plateau-Mont-Royal,"""275 Avenue Fairmount O""",Montréal,QC,H2V 0A1,45.5209077,-73.5974472,4.0,18,1,Italian;Restaurants
btRo30YqzXeTbgxk6gnLMw,"""Pizza Hut""",,"""380 Dover Center Rd""",Bay Village,OH,44140,41.484475009,-81.921149902,1.5,3,1,Pizza;Italian;Chicken Wings;Restaurants
pEMoLmRkS2dyIm_KpIr4hg,"""Ben's Auto Body Specialists""",Fairfax,"""8514 Carnegie Ave""",Cleveland,OH,44106,41.500802,-81.627516,5.0,3,1,Body Shops;Automotive
75MOveOQwQYbKR02rULdHA,"""Restaurant de Wang Ji""",Verdun,"""4354 Wellington""",Verdun,QC,H4G 1W4,45.4604006,-73.5672162,3.5,5,1,Restaurants;Chinese
WEouNHHxfqGa8gYAnyiyBA,"""El Palenque""",,"""5945 Andrews Rd""",Mentor-on-the-Lake,OH,44060,41.7078674,-81.3612933,3.5,3,0,Restaurants;Mexican
HCIr-4BvlO-SvEPMka9xpQ,"""Oasis Gymnastics & Sports Center""",,"""8643 W Kelton Ln, Ste 110""",Peoria,AZ,85382,33.6341753054,-112.246005558,3.5,7,1,Gymnastics;Dance Schools;Performing Arts;Arts & Entertainment;Martial Arts;Summer Camps;Fitness & Instruction;Gyms;Specialty Schools;Active Life;Education
DvF-xOyB_3oU-Sy0iLXz6A,"""Max Moving Corporation""",Willowdale,"""12 Goldfinch Court, Unit 302""",Toronto,ON,M2R 2C4,43.770984,-79.450814,3.5,3,1,Movers;Home Services
8eMOA7u2tubyfd01EZJ8Rg,"""Brookside Apartments""",,"""6131 W Thomas Rd Ofc""",Phoenix,AZ,85033,33.4797352,-112.2379385,2.5,5,1,Real Estate;Home Services;Apartments
bLva9YGmDcnar3YKHE2XzA,"""Tutti Frutti Frozen Yogurt""",Squirrel Hill,"""5874 Forbes Ave""",Pittsburgh,PA,15217,40.4378411,-79.9201088,3.5,31,0,Food;Ice Cream & Frozen Yogurt
9zSRAOUIM3I2ZnY9xwvioQ,"""Sandstone Cafe""",,"""4959 W Ray Rd""",Chandler,AZ,85226,33.3183691,-111.9276449,3.0,10,0,Restaurants;American (Traditional)
ctVYi8RmzXbNfw9syXH1kg,"""Dental Brothers""",,"""500 W Southern Ave, Ste 1""",Mesa,AZ,85210,33.3941015,-111.8422559,4.5,43,1,Health & Medical;Pediatric Dentists;Orthodontists;General Dentistry;Cosmetic Dentists;Dentists
AuE8ETTblOgY1CL3c9Up2g,"""Walgreens""",,"""275 Davison Dr""",Sun Prairie,WI,53590,43.1869254,-89.2288242,2.0,4,1,Drugstores;Food;Beauty & Spas;Convenience Stores;Cosmetics & Beauty Supply;Shopping
S6umS7SKpSmjQePV1y9Rkg,"""Print It""",,"""3050 Westwood Dr, Ste B-5""",Las Vegas,NV,89109,36.134089,-115.17676,5.0,5,1,Advertising;Graphic Design;Local Services;Professional Services;Screen Printing/T-Shirt Printing;Screen Printing
VGRn5KgYKMkqdIKtBUzQQA,"""Wahlburgers""",Gateway District,"""2105 Ontario St""",Cleveland,OH,44115,41.497812,-81.691629,3.0,100,1,American (Traditional);Burgers;Restaurants
UWqwC68hvQmor1lX9XZNcA,"""Bodyheat Tanning""",Sunrise,"""5841 E Charleston Blvd, Ste 290""",Las Vegas,NV,89142,36.1580433,-115.0460999,3.5,12,0,Beauty & Spas;Tanning
fktJOSE49u-QQRlhoXlS0Q,"""American Eagle Outfitters""",South Side,"""2653 E Carson St""",Pittsburgh,PA,15203,40.4273842014,-79.9670303152,3.5,3,0,Women's Clothing;Men's Clothing;Shopping;Fashion;Accessories;Sports Wear;Sporting Goods
8vhB52pw85ySQbtYIEPobQ,"""Car Beyond Store""",,"""15982 N 78th St, Ste C""",Scottsdale,AZ,85260,33.6308459,-111.9137208,3.5,3,1,Automotive;Auto Parts & Supplies
FT08e7Kzgi0Eu0hI4FFYTA,"""The Corner Pub""",,"""12301 Madison Ave""",Lakewood,OH,44107,41.4767671,-81.7750862,3.0,4,0,Bars;Nightlife;Dive Bars
WO5uv-M-u5AG24PiRLYnZA,"""La Citronnelle""",Ahuntsic-Cartierville,"""1386 Rue Fleury E""",Montréal,QC,H2C 1R4,45.560843,-73.657388,4.0,7,1,Chinese;Restaurants;Vietnamese;Asian Fusion
1dmdErUPfYhxEuZYeLijZA,"""Margie Dacko The Midwife House""",Eastside,"""286 Merrick Way""",Henderson,NV,89014,36.130189,-115.12929,2.5,7,1,Midwives;Health & Medical
0ZNIAF_1d83uK1Z7mADTfA,"""Pizza Hut""",,"""252 Bayly Street W, Unit 1""",Ajax,ON,L1S 3V4,43.84245,-79.02799,2.5,9,1,Restaurants;Italian;Chicken Wings;Pizza
1P1YZZl9HXSYeSJR6cjf_Q,"""Thai Express""",Thornhill Woods,"""Rutherford Market Place, 9342 Bathurst Street""",Vaughan,ON,L6A 4N9,43.8468427,-79.4585966,3.0,12,1,Restaurants;Thai
2deqdywFPZxDA6F2rVnE1w,"""Fellbacher Weingärtner""",,"""Kappelbergstr. 48""",Fellbach,BW,70734,48.8021866002,9.2810699585,4.5,7,1,Food;Arts & Entertainment;Wineries;Beer;Wine & Spirits
j37Z4LIXTH9j6KOq9aX8DQ,"""Beer Emporium""",East Liberty,"""302 S Saint Clair St""",Pittsburgh,PA,15206,40.4599557,-79.930726,3.5,169,1,Beer;Wine & Spirits;American (New);Restaurants;Nightlife;Food;Bars;Belgian;Sandwiches;Pubs
oDMiR7xWFWNSG4zOXFajdg,"""Coral Academy of Science""",Southeast,"""8185 Tamarus St""",Las Vegas,NV,89123,36.0412109,-115.132261,4.5,3,1,Education;Elementary Schools
lZ9ReZiXX8p6fgEQk6gIGQ,"""Rite Aid""",,"""617 Highland St""",Mount Holly,NC,28120,35.2887,-81.018498,2.0,4,1,Drugstores;Convenience Stores;Food;Shopping
_eKvk2GoGKb3CoYolHgRlg,"""Fresko A Mediterranean Kitchen""",,"""5033 E Elliot Rd""",Phoenix,AZ,85044,33.347893,-111.9768218,4.5,88,1,Greek;Vegetarian;Sandwiches;Mediterranean;Restaurants
U4CAv_oh0mgXnmpNd-2i8g,"""Body Spa Salon - Henderson""",Anthem,"""3019 St Rose Pkwy""",Henderson,NV,89052,36.003464,-115.117693,4.0,15,0,Medical Spas;Beauty & Spas;Hair Removal;Nail Salons;Health & Medical;Day Spas;Hair Salons
9mP0nNQ7b6qJB9aXtVPTDw,"""Sitel""",Southeast,"""420 Pilot Rd""",Las Vegas,NV,89119,36.068215,-115.1539278,2.0,4,1,Na
03BpJxAMJx8VYOYA5VPDsw,"""Elite Perk: CrushBrew Craft Beverage Festival""",,"""7150 E Camelback Rd""",Scottsdale,AZ,85251,33.5028094,-111.9267888,5.0,9,1,Arts & Entertainment;Festivals
SAae44V24aD7y_HpgxjhPA,"""Nando's Mexican Cafe""",,"""6715 E McDowell Rd""",Mesa,AZ,85215,33.4658931,-111.6858266,3.5,192,1,Restaurants;Mexican
mJ8mFHSCe_jXh_TLI4oFuA,"""FanExpo""",Entertainment District,"""255 Front St W""",Toronto,ON,M5V 2W6,43.6438286,-79.3867892,3.0,22,1,Festivals;Arts & Entertainment
fx2GjJQyFb4FbueV0vX-KA,"""Restaurant Speisemeisterei""",,"""Schloß Hohenheim 1""",Stuttgart,BW,70599,48.7126924553,9.2136665356,4.5,40,1,German;International;Food;Restaurants;French;Specialty Food;Modern European
6Kp9W5ZvVn--6caQ73_QXg,"""Tsui Xiang Tsuen Restaurant""",,"""888 Dundas Street E""",Mississauga,ON,L4Y 2B8,43.598682,-79.595522,4.0,8,1,Restaurants;Chinese
YpwmtRca3LEen-GOiuhI3g,"""Urban Auto Center""",Puritas-Longmead,"""4141 W 130th St""",Cleveland,OH,44135,41.44153,-81.779454,5.0,3,1,Automotive;Auto Repair
_--LAZXefssKWdyn-BTp9A,"""Fitch's Chophouse & Spirits""",,"""5957 McKee Rd""",Fitchburg,WI,53719,43.0148509,-89.4579482,2.0,3,0,Restaurants
FqRvFzRLFxSixPPsnqKTrg,"""Sub Zero Appliance Wizard""",,"""17100 E Shea Blvd, Bldg 2""",Fountain Hills,AZ,85268,33.5727131387,-111.711998894,5.0,9,1,Appliances & Repair;Local Services;Home Services;Heating & Air Conditioning/HVAC
UFHwS_Bb5IrVYFWGutkY7A,"""Fluhme Glam Bar""",,"""607 Washington Rd, Ste 100""",Pittsburgh,PA,15228,40.382944,-80.043616,5.0,6,1,Wedding Planning;Beauty & Spas;Eyelash Service;Makeup Artists;Nail Salons;Event Planning & Services
C3nUFf7IxdlA8sptJPZITg,"""Rooster's Reliable Lawn Care""",,"""""",Henderson,NV,89074,36.0376448,-115.0762536,4.0,6,1,Landscaping;Home Services
f5J2hfdWP0vUSYi9Vpg6qg,"""Dynasty Cleaning & Maintenance""",,"""""",Henderson,NV,89074,36.032976,-115.064859,4.5,30,1,Home Services;Window Washing;Professional Services;Contractors;Office Cleaning;Home Cleaning;Pressure Washers
biOyfRarXT8EY23TfsH7zA,"""Mobilicity""",Scarborough,"""Parkway Mall, 85 Ellesmere Road""",Toronto,ON,M1R 4C1,43.7571094,-79.3122567,1.0,3,1,Shopping;Mobile Phones
Toekt2MQGNDowTc4a-BkVA,"""Nevada Imaging Centers""",Spring Valley,"""5495 S Rainbow Blvd""",Las Vegas,NV,89118,36.0890355,-115.2433613,2.5,9,1,Diagnostic Imaging;Diagnostic Services;Health & Medical;Doctors
kRgP3LxO2ugBrC1YpWLncA,"""Bangkok Thai Bar-B-Q""",,"""13828 N 51st Ave""",Glendale,AZ,85306,33.611520848,-112.170486564,4.0,131,1,Restaurants;Asian Fusion;Thai
H0Zq06uQqHI3we2I_3wNxA,"""Sweet Lee's Rustic Bakery""",Sud-Ouest,"""291 Beaudoin Street""",Montréal,QC,H4C 2Y3,45.4742735,-73.585614,4.5,5,0,Bakeries;Food;Desserts
3gM8zh_OaubYXNnQNxAYKQ,"""Planet X""",Newington,"""74 South Clerk Street""",Edinburgh,EDH,EH8,55.9396428988,-3.1802750469,2.5,3,1,Sports Wear;Sporting Goods;Shopping;Bikes;Fashion
m8dAdv-T4p_8FVLeRC_gSA,"""Arioso City Lofts""",,"""3411 N 16th St""",Phoenix,AZ,85016,33.4877456,-112.047384,2.5,12,1,Real Estate;Apartments;Home Services
xqikBZI4HvDZbc-Nmuo8nA,"""Now Plumbing""",,"""3139 W Windrose Dr""",Phoenix,AZ,85054,33.601223,-112.127052,4.5,10,1,Plumbing;Home Services;Utilities
w9C4ZYy8P-CXFB_1PubMkQ,"""The Second Cup""",,"""126 Lakeshore Road E""",Oakville,ON,L6J 1H4,43.4440635,-79.6696932,2.0,3,1,Food;Coffee & Tea
dd9eOcxR3KsEHkimIwqcrg,"""Cora's Breakfast & Lunch""",,"""16655 Yonge Street""",Newmarket,ON,L3X 1V6,44.0350654148,-79.4733860074,2.5,10,1,Restaurants;Breakfast & Brunch
SdqVhZDwk8c89EnXPhKndQ,"""J&P Fresh Market""",,"""6634 Watts Rd""",Madison,WI,53719,43.050634,-89.497717,4.0,11,1,Grocery;Food
mfQlXkeNhW1vz_1iq63mNQ,"""Del Taco""",,"""1483 N Dysart Rd""",Avondale,AZ,85323,33.454393,-112.3404076,2.5,23,1,Restaurants;Fast Food;Mexican
owwKUc2VFUMgRPZFEgrtKA,"""Pho Dam""",,"""2025 N Dobson Rd""",Chandler,AZ,85224,33.3362676,-111.8741442,4.0,17,1,Restaurants;Vietnamese
78Gz9WWdiEJMBfQ1MFWUSg,"""360 Visuals""",,"""10230 Hickorywood Hill Ave, Ste B""",Huntersville,NC,28078,35.4113116,-80.8600863,5.0,4,1,Photographers;Event Planning & Services;Session Photography;Professional Services;Video/Film Production
W62GDd3OCQKXoifPHjaTag,"""Essential Healing Therapeutic Massage & Bodywork""",,"""104 W Tomaras Ave""",Savoy,IL,61874,40.0628641,-88.2506726,5.0,11,1,Massage Therapy;Massage;Fitness & Instruction;Beauty & Spas;Day Spas;Health & Medical;Active Life;Yoga
4RhyluqR0eXERECBLallXQ,"""Sugar & Spice""",,"""5200 Clairton Blvd""",Pittsburgh,PA,15236,40.3441771,-79.9723768,4.0,28,1,Food;Food Trucks;Specialty Food;Candy Stores;Ice Cream & Frozen Yogurt
6CpAWkTcqqNtGAfOsPeFUw,"""Arby's""",,"""17032 N 99th Ave""",Sun City,AZ,85373,33.6392628656,-112.275256168,3.5,9,1,American (Traditional);Restaurants;Sandwiches;Steakhouses;American (New);Fast Food
e1g_ho_vvToRp7Xq1e4usg,"""James L Keller, OD""",Westside,"""4517 W Sahara Ave""",Las Vegas,NV,89102,36.1443826,-115.201615,3.5,3,1,Shopping;Health & Medical;Eyewear & Opticians;Optometrists
u29lf2yPd-qK5ThAS9FRQQ,"""Kinthai""",Westside,"""4105 W Sahara Ave""",Las Vegas,NV,89102,36.1440231017,-115.195895992,4.5,61,0,Restaurants;Thai
tb-aXpSJpWIlAA2nMVckcw,"""Sunny Energy""",,"""2720 S Hardy Dr, Ste 4""",Tempe,AZ,85282,33.3995894,-111.9526803,5.0,4,1,Solar Installation;Home Services
nvuMlUxjxJF5GPr6De6UlQ,"""Diamondback Gymnastics""",,"""1250 S Clearview Ave, Ste 104""",Mesa,AZ,85209,33.3915376,-111.6777499,4.0,5,1,Active Life;Gymnastics
iIocWN5ZON8zrdZJfTEwkA,"""La Tranquil Spa""",,"""6920 E Baseline Rd, Ste 104""",Mesa,AZ,85209,33.3798126,-111.6852593,4.5,10,1,Skin Care;Permanent Makeup;Health & Medical;Reflexology;Beauty & Spas
-ZppDJFo_hFkGTJXrWVY5A,"""La Stella Patisserie""",,"""2725 Jane Street""",North York,ON,M3L 1S3,43.7409183,-79.5134864,3.5,5,1,Food;Coffee & Tea;Bakeries
PmDhZiyiHI6O3RJXXojJcA,"""Pizza Pizza""",Scarborough,"""Lebovic""",Toronto,ON,M1L,43.7248400041,-79.28991885,2.0,4,0,Pizza;Restaurants
GE7WRly2eO9YRteSeOhHNw,"""Best Buy""",Willowdale,"""5095 Yonge Street, Suite A14""",North York,ON,M2N 6Z4,43.7683143761,-79.4120838493,2.0,15,1,IT Services & Computer Repair;Local Services;Computers;Shopping;Electronics;Home & Garden;Furniture Stores
ZzZjqBtd5PdwsyKetryDMA,"""Teavana""",The Strip,"""3200 Las Vegas Blvd S, Ste 1795""",Las Vegas,NV,89109,36.1272241,-115.1715512,3.5,48,1,Coffee & Tea;Food
XjbPr3o-YTsticeavLjTEg,"""Hooters""",Ville-Marie,"""1433 Rue Crescent""",Montréal,QC,H3G 2B2,45.497981,-73.57722,2.0,20,1,Barbeque;Sports Bars;Restaurants;Nightlife;Bars;Chicken Wings
rU1TTdbIoXEAigMX1LkBTQ,"""HomeGoods""",,"""517 N Stephanie St""",Henderson,NV,89014,36.0590790407,-115.046474151,4.5,12,1,Shopping;Home Decor;Discount Store;Home & Garden
NQoHMr3U7fIWRC1eCTYe4w,"""CVS Pharmacy""",,"""9040 Mentor Ave""",Mentor,OH,44060,41.666088375,-81.3395804618,1.5,3,1,Drugstores;Shopping
kFuFm8NmxyVkj4xVWO1ugw,"""Cora Breakfast and Lunch""",,"""16 Vogell Rd, Unit K""",Richmond Hill,ON,L4B 3K4,43.8642469,-79.3833695,2.5,3,1,Restaurants;Breakfast & Brunch
lUSd0oIMqN4qbFJWX8mIzA,"""McDonald's""",Côte-des-Neiges,"""6025 Chemin de la Côte-des-Neiges""",Montréal,QC,H3S 1Z9,45.5007414,-73.6311554,4.0,4,1,Fast Food;Restaurants;Burgers
KYEZATGRY5aD69ZR6VvyWQ,"""North Forty Saloon and BBQ""",Centennial,"""5990 Centennial Center Blvd""",Las Vegas,NV,89149,36.2718383376,-115.263279393,3.5,31,0,Dance Clubs;Nightlife;Restaurants;Barbeque;American (Traditional)
inaACfObL1NBNJmBG11iuQ,"""Global Deli""",Grassmarket,"""13 George IV Bridge, Old Town""",Edinburgh,EDH,EH1 1EE,55.9479597,-3.1921432,4.0,13,1,Restaurants;Food;Sandwiches;Coffee & Tea;Delis
CDRRGEktCvI8mYTIKLPiMQ,"""Dixie Park""",,"""1550 S Gateway Road""",Mississauga,ON,L4W 5J1,43.6322891816,-79.6145983413,3.0,16,1,Shopping;Shopping Centers
pBoWsom3mZFYo9EucIWRDg,"""Kabuki Sushi & Grill""",,"""8378 W Thunderbird Rd, Ste 107""",Peoria,AZ,85381,33.6114217,-112.2395205,4.0,157,1,Restaurants;Japanese;Sushi Bars
JvBgXc-64WXGy1Ud5otrww,"""O P Performance Centre""",,"""1473 O'connor Drive""",East York,ON,M4B 2V5,43.713482,-79.306229,5.0,6,1,Car Stereo Installation;Automotive
QIJxtz1zrakTZDgyTNm5hw,"""Circle K Stores""",,"""15262 N Tatum Blvd""",Phoenix,AZ,85032,33.6256581,-111.9783942,2.5,4,1,Grocery;Food
E4I_MLoRNwLCZ8mHr4fRpQ,"""Prince BBQ""",Milliken,"""4390 Steeles Ave East""",Markham,ON,L3R 9V6,43.8263314,-79.3051004,3.5,5,1,Restaurants;Barbeque
TeeJOD68UNUFEk_SK9X93Q,"""PWB Moving""",,"""6820 N 25th Dr""",Phoenix,AZ,85017,33.5373376,-112.1139805,4.0,8,1,Movers;Home Services
gj8mPhHVqJwFLH-PFRQDRw,"""Executive High Reach Maintenance""",,"""""",Chandler,AZ,85286,33.2664407,-111.8210866,5.0,9,1,Home Services;Window Washing;Local Services;Pest Control
7J_8O6w79raFRSORc3bRew,"""AZ Pho & Grill""",,"""3140 S Gilbert Rd, Ste 1""",Chandler,AZ,85286,33.2606908,-111.7903737,4.0,249,1,Bubble Tea;Restaurants;Food;Vietnamese
v1GHndXuUkDdV-gNCSldQQ,"""The Exchange""",,"""6535 Robinson Ctr Dr""",Pittsburgh,PA,15205,40.4557543,-80.1619204,3.0,5,1,Books;Mags;Music & Video;Shopping;Music & DVDs;Videos & Video Game Rental
Aqz58iWN2FNa0Wq72Y6ZeA,"""ABM Parking""",Northeast District,"""1459 Hamilton Ave""",Cleveland,OH,44114,41.5078261,-81.6858122,1.0,3,1,Automotive;Parking
LUYB4fYZt5ZaitU4hXBDKg,"""Destinations Pueblo Apartments""",Summerlin,"""8600 Scholar Ln""",Las Vegas,NV,89128,36.1968435,-115.2816961,5.0,3,1,Real Estate;Apartments;Home Services
qB15WElGAlI_eGWjn0kT2w,"""Taco Bell""",,"""15240 N. 32nd Street""",Phoenix,AZ,85032,33.6259,-112.0136,2.0,18,1,Tex-Mex;Fast Food;Restaurants;Mexican
lEluQKIzprv9E6zqoRuufg,"""Wild West Paintball & Airsoft""",,"""19283 E Elliot Rd""",Mesa,AZ,85212,33.3503974,-111.6690816,4.0,11,1,Paintball;Active Life;Airsoft;Parks
575BoZY8tDPcfSRcdsUNLw,"""Eat'n Park""",Banksville,"""1250 Banksville Rd""",Pittsburgh,PA,15216,40.4167567,-80.0303278,3.0,42,1,American (New);American (Traditional);Restaurants;Breakfast & Brunch;Diners
QAXFmt__jImnIEvhAVZsJA,"""Boston Pizza""",LaSalle,"""6857 Boulevard Newman""",Lasalle,QC,H8N 3E4,45.4486301,-73.6087194,2.0,17,1,Restaurants;Pizza
bLRpRq2Y7j76JHdDzoIfVQ,"""GoodLife Fitness""",Downtown Core,"""137 Yonge St""",Toronto,ON,M5C 1W6,43.6510967861,-79.3785557246,3.5,31,1,Trainers;Active Life;Health & Medical;Fitness & Instruction;Sports Clubs;Gyms
Di5ApLgoQpcv5Aew82fI_A,"""The Rendezvous""",West End,"""10 Queensferry Street""",Edinburgh,EDH,EH2 4PG,55.9505495,-3.2094542,3.5,19,1,Restaurants;Cantonese;Chinese
zK9uMcGxF7AmZ7lPiB0PKQ,"""The Illini Shop""",,"""707 S 6th St""",Champaign,IL,61820,40.1096976,-88.2305599,3.0,8,1,Sporting Goods;Books;Mags;Music & Video;Fashion;Used Bookstore;Sports Wear;Shopping;Men's Clothing;Souvenir Shops;Bookstores
OJ23YGPnscazBaX4CyssKg,"""Asia Spezialitäten Imbiss Drachen""",,"""Fabrikstr. 4""",Filderstadt,BW,70794,48.6599,9.22247,4.0,10,1,Restaurants;Chinese
MIBi66jl0rSVJsanYziDQw,"""Yogurty's""",,"""1703 Avenue Road""",Toronto,ON,M5M 3Y5,43.7278086,-79.4176172,4.0,3,1,Ice Cream & Frozen Yogurt;Food
IwXx686yHz_3XC701cOuaw,"""The Eyecare Center""",,"""4180 S Durango Dr""",Las Vegas,NV,89147,36.1998466308,-115.119417755,3.0,15,1,Optometrists;Health & Medical
rSCevr5tQJTxPzMIq3n5Gw,"""Yoshi's Asian Grill""",,"""3800 E Sky Harbor Blvd""",Phoenix,AZ,85034,33.4356207,-112.0095457,2.5,14,0,Restaurants;Asian Fusion
hf8P2jkE6xT6ZuoasempCQ,"""Tesco Extra""",,"""30 Meadow Place Road, Corstorphine""",Edinburgh,EDH,EH12 7UQ,55.9402527206,-3.2942033898,4.0,5,1,Automotive;Food;Grocery;Beer;Wine & Spirits;Gas Stations
3N5bwNdig7uRddd3kozENA,"""Popeyes Louisiana Kitchen""",Church-Wellesley Village,"""589 Yonge Street""",Toronto,ON,M4Y 1Z4,43.6660486,-79.3848505,2.5,17,1,Chicken Wings;Fast Food;Restaurants
n7rL5vPR5zHvTYvxcnihAg,"""Cleveland Metrobark""",Goodrich Kirtland,"""3939 Payne Ave""",Cleveland,OH,44114,41.5105792,-81.6604727,4.0,6,1,Pet Groomers;Pet Sitting;Pets;Pet Services
oI75bK_eIr17BfGaMJnXMQ,"""Budget Car and Truck Rental""",Southeast,"""5188 Paradise Rd""",Las Vegas,NV,89119,36.0947016,-115.1478721,1.0,5,1,Car Rental;Hotels & Travel
oFqSBajk338oJ1KNG4vCjA,"""Toronto Kick Boxing & Muay Thai Academy""",Mount Pleasant and Davisville,"""1992 Yonge Street""",Toronto,ON,M4S 1Z7,43.7002639,-79.3970127,4.0,8,1,Muay Thai;Kickboxing;Trainers;Gyms;Martial Arts;Fitness & Instruction;Active Life
tCJGEQVqjELLYv3fPNX5Rw,"""Fleming's Prime Steakhouse-Scottsdale""",,"""20753 N Pima Rd""",Scottsdale,AZ,85255,33.674238,-111.889288,3.5,190,1,Nightlife;Restaurants;Steakhouses;Wine Bars;Bars;Seafood
W8GVfGILy7an385lZSEvSw,"""Burger King""",,"""1736 Las Vegas Blvd S""",Las Vegas,NV,89104,36.150372,-115.153558,2.0,18,1,Burgers;Restaurants
_hc_ZH8Hl1Atvqd8tyRLxw,"""The Hidden Attic""",Southeast,"""8866 S Eastern Ave, Ste 100""",Las Vegas,NV,89123,36.0276266,-115.1183563,4.0,4,0,Women's Clothing;Shopping;Fashion
g3HuShjhEjDxOy6Ykp9l4A,"""Buehler's Fresh Foods""",,"""3688 Center Rd""",Brunswick,OH,44212,41.2366079,-81.818474,4.0,8,0,Food;Grocery
GgPlBfiSNt3MVyMlhXohaw,"""Teviotdale Truck Stop""",,"""RR 1""",Palmerston,ON,N0G 2P0,43.845118719,-80.7597420661,3.5,3,1,Food;Convenience Stores
lbygJpJGQThoZbKC_AI31A,"""Edible Arrangements""",,"""14870 N Northsight Blvd""",Scottsdale,AZ,85260,33.6213254,-111.8991822,5.0,4,1,Shopping;Flowers & Gifts;Gift Shops
rv9T1qGHbh9eXqFpKEPy_A,"""Sesame Inn Carefree""",,"""34482 N Scottsdale Rd""",Scottsdale,AZ,85262,33.7983014,-111.9307437,3.5,90,1,Restaurants;Chinese
wGJ5FYYIStYT-ECgqnjxog,"""Yearin Law Office""",,"""8961 E Bell Rd, Ste 201""",Scottsdale,AZ,85260,33.639381,-111.887385,5.0,8,1,Personal Injury Law;Professional Services;Lawyers
gEJZ5USuvC1r8_QvSvDCNA,"""K-Bowl""",,"""39 E Green St""",Champaign,IL,61820,40.109988,-88.240506,3.5,50,1,Restaurants;Asian Fusion;Korean
2mdE2EYcYGteDo_6s406IA,"""Gamma-Dynacare Medical Laboratories""",Yonge and Eglinton,"""2401 Yonge Street""",Toronto,ON,M4P 3H1,43.7100798,-79.3987015,4.0,4,1,Medical Centers;Health & Medical
Xr1sQNueTBYgDiijLUqw1Q,"""Dollar Self Storage""",,"""4170 W Peoria Ave""",Phoenix,AZ,85029,33.5821598574,-112.149003806,3.0,4,1,Shopping;Home & Garden;Self Storage;Home Decor;Local Services
pfKrs4p1bQ5LVD_tztPHCQ,"""Glad Nails""",,"""29850 N Tatum Blvd""",Cave Creek,AZ,85331,33.7559538,-111.9927319,3.5,29,1,Nail Salons;Beauty & Spas
OvbLKXkJCg8ZMHX9L5faIA,"""Bread Meats Bread""",West End,"""92 Lothian Road""",Edinburgh,EDH,EH3 9BE,55.9463897672,-3.2058293601,4.0,28,1,Burgers;Restaurants
fsvIASOJFSZohU2qmbMc7Q,"""Highland Park""",Highland Park,"""City of Pittsburgh Parks & Recreation""",Pittsburgh,PA,15210,40.4810342784,-79.9155807495,5.0,20,1,Active Life;Playgrounds;Parks
EjNf9cqCK9V5xChJXhxnLw,"""Dots and Doodles""",,"""10925 Perry Hwy""",Wexford,PA,15090,40.6172685,-80.0567122,4.0,4,1,Arts & Entertainment
aFmcd1VXT4f9gjLWreSQvA,"""Cigarettes and More""",,"""8328 Pineville Matthews Rd""",Charlotte,NC,28226,35.0895921,-80.8604778,4.5,3,1,Tobacco Shops;Convenience Stores;Food;Shopping
lqiQBsjbnfMGssbFb993kQ,"""Ultimate Staffing Services""",Southeast,"""6725 Via Austi Pkwy, Ste 390""",Las Vegas,NV,89119,36.0672981,-115.1628395,3.5,6,1,Employment Agencies;Career Counseling;Professional Services
B26Bf-usrTVk8LTeXku6Hw,"""Grosvenor Museum""",,"""27 Grosvenor Street""",Chester,CHE,CH1 2DD,53.187298,-2.8925153,4.0,4,1,Art Galleries;Shopping;Arts & Entertainment;Museums
MIDHXXegpnQfUFbqr2xV0Q,"""Kmart""",Southeast,"""3760 E Sunset Rd""",Las Vegas,NV,89120,36.072698472,-115.092840493,2.5,27,0,Shopping;Fashion;Department Stores
I_dXA5im1doHoHck3-rYKQ,"""Star Market""",,"""3515 W Thunderbird Rd""",Phoenix,AZ,85029,33.6092633,-112.1347081,3.0,3,1,International Grocery;Shopping;Food
75RP4HSsSJOe_e7e2e3jQQ,"""Rise & Shine - A Steak & Egg Place""",,"""75 S Valle Verde Dr""",Henderson,NV,89012,36.0243234052,-115.062857419,4.0,29,1,Breakfast & Brunch;Restaurants
i-ywLm8zqwvtYobrk3DjxQ,"""Le Rouge Bar""",Plateau-Mont-Royal,"""7 Rue Prince Arthur O""",Montréal,QC,H2X 1S4,45.5136831,-73.5728609,3.5,32,1,Dance Clubs;Bars;Nightlife
2cfzQGANxuIGcCUrlwnV7w,"""Popeyes Louisiana Kitchen""",,"""3420 William Penn Hwy""",Pittsburgh,PA,15235,40.4299884,-79.8132914,2.0,18,1,Fast Food;Chicken Wings;Southern;Restaurants
1vU_fJZ8B8oCc7S4dtRuEw,"""ristorante musica é""",,"""Neckarstr. 160""",Stuttgart,BW,70190,48.789643,9.1965902,3.5,20,1,Restaurants;Italian
f-ZCLP1SL1a8qvTrPBI-DQ,"""Ungarisches Restaurant Bei Melinda""",,"""Landhausstr. 110""",Stuttgart,BW,70190,48.7874484,9.2018839,4.0,3,0,Restaurants;Hungarian
wRmPV-RvcqcjeyUeOaJQCg,"""The Bass Cafe Grill & Terrace""",Eastside,"""900 Karen Ave""",Las Vegas,NV,89109,36.1409252,-115.1428874,2.5,3,1,Restaurants;American (Traditional);Food;Coffee & Tea;Salad;Breakfast & Brunch
HsxWjTRb5cRJm4WkWlZceg,"""The Resort""",,"""4326 N 35th Ave""",Phoenix,AZ,85017,33.499456,-112.1353558,2.5,3,1,Apartments;Home Services;Real Estate
JxSmlL_MckX0dvS5XBg0Cg,"""Olympos Gyros""",,"""5950 Steubenville Pk""",Robinson Township,PA,15136,40.4482086,-80.1427729,4.0,48,1,Greek;Restaurants;American (New)
HZ2Kn4iKeKZXjLQSFfAatw,"""Hot Tub Liquidators""",,"""129 N Gibson Rd""",Henderson,NV,89014,36.0367347,-115.0298235,4.5,42,1,Hot Tub & Pool;Shopping;Home & Garden
a0KA7F5FF9LVlEfOR4ghsA,"""Las Vegas Tire""",,"""3873 E Craig Rd, Ste 8""",North Las Vegas,NV,89030,36.2399138,-115.09138,5.0,4,1,Automotive;Tires
wsk0aTlf1Sj8Roy1ZL2dIw,"""Post Launch""",Westside,"""7475 W Sahara Ave, Ste 103""",Las Vegas,NV,89117,36.1430293,-115.2549552,5.0,5,1,Marketing;Professional Services
4i1sXgzr6qILhHav1Tp9dw,"""Altra Collision Center""",,"""16628 N 32nd St""",Phoenix,AZ,85032,33.6383077,-112.0141798,5.0,17,1,Automotive;Auto Parts & Supplies;Body Shops;Auto Repair
HVd718KlG6VdY5oh5LH7mQ,"""Restaurant Xi'An Lina Tang""",Ville-Marie,"""1051 Boulevard Saint-Laurent""",Montréal,QC,H2X 1P4,45.5082486,-73.5599432,3.0,7,1,Chinese;Restaurants
cs2VDcXDee_jzJoPT_fycA,"""Motel 6""",Banksville,"""2898 Banksville Rd""",Pittsburgh,PA,15216,40.4038660051,-80.0408175681,2.5,16,1,Hotels & Travel;Hotels;Event Planning & Services
ozufB9ZhddtzpiMIopGlag,"""Progressive Painting, LLC""",,"""4643 S 32nd St""",Phoenix,AZ,85040,33.4035099,-112.0121347,4.0,6,1,Home Services;Painters
HKCGlqLNzHJLtFKD7qUVww,"""Crystal Clear View Glass""",,"""3616 W Thomas Rd, Ste 2""",Phoenix,AZ,85019,33.4811792,-112.1366029,5.0,28,1,Windows Installation;Home Services;Glass & Mirrors;Auto Glass Services;Windshield Installation & Repair;Automotive
K6KIqUPVDXzU8QrG0--oJw,"""Natural Impressions Barbershop""",,"""1418 E Washington St""",Phoenix,AZ,85034,33.4485137,-112.0511925,5.0,6,1,Beauty & Spas;Barbers
VJTBDu7fc20u277sZckJzg,"""Hurst Carpet and Tile Care""",,"""""",Phoenix,AZ,85034,33.4382789,-112.0178286,5.0,5,1,Local Services;Carpet Cleaning
T2jfXhvQPk9wLdt1OVV-Kg,"""Rose Street Brewery""",New Town,"""55-57 Rose Street""",Edinburgh,EDH,EH2 2NH,55.9528352279,-3.1985596159,3.0,24,1,Pubs;Whiskey Bars;Nightlife;Breakfast & Brunch;Restaurants;Bars
pUXp6kOBhG978nliw9suow,"""nah und gut Alsadi""",,"""In den Ziegelwiesen 7""",Leonberg,BW,71229,48.76422,8.98484,4.5,3,1,Grocery;Food;Shopping
wCqwIB2I7Tf046pbuSw0EA,"""Walmart Supercenter""",,"""6145 N 35th Ave""",Phoenix,AZ,85017,33.526816,-112.1325126,2.0,40,1,Mobile Phones;Food;Discount Store;Drugstores;Shopping;Grocery;Fashion;Department Stores
RxQvlTyTKsEGZCT1dY-9_Q,"""Overhall Mobile Detail""",,"""""",Scottsdale,AZ,85255,33.6803004,-111.8330106,5.0,3,1,Auto Detailing;Automotive;Auto Customization;Car Wash
yW4_ej7DzJX-T3PCm1yfJw,"""Install Turf Az""",,"""""",Phoenix,AZ,85023,33.6261012023,-112.100477105,5.0,3,1,Artificial Turf;Home Services
ECqc9Xd0dTdKmcNrbIizAw,"""Los Girasoles""",,"""4441 State Route 43""",Kent,OH,44240,41.1105329,-81.3480427,4.0,54,1,Southern;Mexican;Restaurants;Nightlife;Bars
waJ8_8FGJC-j5uIP2im1-A,"""Twenty20 Window Cleaning""",,"""""",Scottsdale,AZ,85267,33.6165118,-111.904605,5.0,67,1,Shades & Blinds;Window Washing;Pressure Washers;Home Services
xT_xzBj-CmxdXdcx6ONGLA,"""Phoenix Resto Pub""",,"""1970 Rue Léonard-de-Vinci""",Sainte-Julie,QC,J3E 2T5,45.577027,-73.330855,4.0,6,1,Burgers;Bars;Restaurants;Pizza;Nightlife;Pubs
UX0Gp7fwXIaLjGS3aupV9Q,"""Alice's Cuisine""",,"""2020 W Union Hills Dr""",Phoenix,AZ,85027,33.65636,-112.102264,5.0,9,1,Food Delivery Services;Caterers;Event Planning & Services;Food
gHAySnXqyzjanKOCTGzLPQ,"""Maaco Collision Repair & Auto Painting""",,"""2222 W Deer Valley Rd""",Phoenix,AZ,85027,33.684252,-112.1078556,4.0,8,1,Automotive;Body Shops;Auto Detailing;Auto Repair
GLz68jLoEePKvX-qKKbbGw,"""AZ Quality Detail""",,"""17031 N 11th Ave""",Phoenix,AZ,85023,33.641218993,-112.08620321,4.5,13,1,Automotive;Auto Detailing
1e2ZRUm9lpX3vrmraRx-yQ,"""Tacos Colima""",,"""""",Las Vegas,NV,89032,36.3799243061,-114.887506329,4.5,3,1,Food;Food Trucks
nEcZ_Gy8T5dvB77qNpuyFw,"""Sprint Store""",Sunrise,"""5111 E Charleston Blvd, Ste B""",Las Vegas,NV,89142,36.1588091919,-115.061615649,2.5,6,1,Shopping;Utilities;Home Services;Mobile Phones
Lkwd4jcr4K_E-uVjjjVH2A,"""Big Tin Cotton Gin""",,"""1572 W Ocotillo""",San Tan Valley,AZ,85140,33.2502965,-111.5824623,4.0,6,1,Arts & Crafts;Fashion;Shopping;Antiques;Used;Vintage & Consignment
dcGq4lhHAuPpKYHcLP_Xmg,"""Rita's Garden""",,"""Schwabstr. 124""",Stuttgart,BW,70193,48.7816,9.1576,2.5,3,0,Indian;Restaurants
AYnFgzhlMLs4c3G-k-cA0A,"""DQ Grill & Chill Restaurant""",,"""325 Central Parkway W""",Mississauga,ON,L5B 3X9,43.583152,-79.6384179,2.5,6,1,Fast Food;Restaurants;Ice Cream & Frozen Yogurt;Food
-w82J_sPNAGsTBHbfGrexA,"""Dollar Tree""",,"""5401 South Blvd""",Charlotte,NC,28217,35.162484,-80.874998,3.5,12,1,Shopping;Discount Store
5rinwJ0Xs-Ay5GmAnzjO8Q,"""Levelz""",South Side,"""1825 E Carson St""",Pittsburgh,PA,15203,40.428971,-79.979454,1.0,3,0,Bars;Lounges;Nightlife
h8m4WRcH4TgMFNFfAkfypg,"""Groovy""",South Side,"""1304 E Carson St""",Pittsburgh,PA,15203,40.4285786,-79.9850245,5.0,7,0,Antiques;Shopping;Toy Stores
in7ne7A3fhah-gSA5UzuoQ,"""Stanton Optical""",Norman Acres,"""4302 E Washington Ave""",Madison,WI,53704,43.1270494921,-89.3107579753,1.5,23,1,Health & Medical;Eyewear & Opticians;Shopping;Optometrists
hvSqNPeq9hz-CtSzY3hvXg,"""Bikram Yoga Thornhill""",,"""2600 John Street, Unit 114""",Markham,ON,L3R 3W3,43.825336,-79.3602963,2.5,3,1,Fitness & Instruction;Yoga;Active Life
IeHlFrVmHzfyaGzdx01l_g,"""Kim Quyen Nail Salon""",,"""1045 Waterdam Plaza Dr""",Canonsburg,PA,15317,40.2627987,-80.1338401,4.0,3,1,Beauty & Spas;Nail Salons
17fB9l8NWZRWDbbAs8iqtw,"""Lawrence Station""",,"""3101 Yonge St""",Toronto,ON,M4N 2K7,43.7253628,-79.4019375,3.5,3,1,Transportation;Public Transportation;Hotels & Travel
pDHn-Pt6RztszCOwh32QAw,"""Habitat ReStore - Phoenix""",,"""115 E Watkins St""",Phoenix,AZ,85004,33.425314,-112.072919,3.0,15,1,Shopping;Home Services;Furniture Stores;Thrift Stores;Building Supplies;Local Services;Home & Garden;Community Service/Non-Profit
T9BPck3_4KVJEhAblX15vA,"""The Powder Room""",East Liberty,"""5711 Friendship Ave, Ste 4""",Pittsburgh,PA,15206,40.4599043,-79.9297598,1.5,11,0,Tanning;Beauty & Spas;Hair Salons;Makeup Artists
ugdUuApH3pYXggW5qpbALg,"""Mr. Torta's""",Elvehjem,"""4527 Cottage Grove Rd""",Madison,WI,53716,43.083976745,-89.3033632212,3.5,19,1,Restaurants;Mexican;Latin American
1Nq7GxjvEDgAJxBeOjR_9Q,"""Burrito Express""",,"""450 N Alma School R""",Mesa,AZ,85201,33.4235954,-111.8568585,2.5,92,1,Mexican;Restaurants
-p-CuUMzN0HQz9OCQ8SZOA,"""Usmania Grill""",,"""1211 Kingston Road, Unit 9""",Pickering,ON,L1V 6M5,43.8314133777,-79.0938092396,3.0,8,1,Pakistani;Restaurants;Indian;Seafood;Halal
ZBSha-zoPLias7wCQ0ZyVw,"""Gamberoni Restaurant""",,"""3238 Yonge Street""",Toronto,ON,M4N 2L4,43.7295029,-79.4035613,3.0,18,1,Restaurants;Italian
DkBer3JjUGfKEsZCLtfgvA,"""Crave Healthy Habits""",Financial District,"""TD Centre Food Hall, 100 Wellington Street W""",Toronto,ON,M5K 1A1,43.6471768,-79.3815764,4.0,11,1,Salad;Restaurants;Vegetarian;Gluten-Free
pxUwjgg2ct6XVJchOHi6wg,"""Tease Hair Lounge""",Streetsville,"""117 Queen Street S, Unit 1""",Mississauga,ON,L5M 6B5,43.583947,-79.7165179,4.0,6,1,Beauty & Spas;Hair Salons
zAD08AT1GgX-cVNy9iMq4A,"""Activities and Recreation Center - ARC""",,"""201 E Peabody Dr""",Champaign,IL,61820,40.1008296,-88.2355555,4.0,23,1,Gyms;Sports Clubs;Active Life;Recreation Centers;Fitness & Instruction;Badminton
to2cGMKdaw7ZHbXMzpfhlA,"""Filiberto's Mexican Rest""",,"""3218 E Mcdowell Rd""",Phoenix,AZ,85008,33.4660114,-112.0123338,3.0,7,0,Restaurants;Mexican
d0XPi6MJNP1XPFXyrdbiPg,"""Window World""",Southeast,"""1335 E Sunset Rd, Ste C""",Las Vegas,NV,89119,36.0712512,-115.1355886,3.5,23,1,Home Services;Windows Installation;Door Sales/Installation
0IVmkPZN_0Gl9GYG8t5IZQ,"""La Petite Academy of Las Vegas""",Southeast,"""680 E Warm Springs  """,Las Vegas,NV,89119,36.0575767,-115.1482928,4.0,9,1,Local Services;Education;Preschools;Child Care & Day Care;Elementary Schools
X2oxkKB-wlu8xV0P8fbfiQ,"""Mo's Chicken""",,"""3505 W Thomas Rd""",Phoenix,AZ,85019,33.4800487,-112.1347018,3.0,10,1,Restaurants;Chicken Shop
hgErlZ_LUHXJfD5rLfIjOw,"""Allison Barfield""",Downtown,"""1025 S 1st St, Ste 165""",Las Vegas,NV,89101,36.1595711,-115.1523871,5.0,10,1,Hair Extensions;Hair Stylists;Hair Salons;Beauty & Spas
nR8wHqrrt8wsIdat47AJ5A,"""Dolce Lusso""",,"""985 Market St, Ste 101""",Fort Mill,SC,29708,35.0275597,-80.9683719,4.0,24,1,Hair Salons;Day Spas;Beauty & Spas
0RrHQNdsMK3jPlK4f9_wWA,"""Presse Café""",Ville-Marie,"""800 St Catherine E""",Montréal,QC,H2L 2E3,45.515484,-73.5586047,2.5,10,1,Sandwiches;Food;Restaurants;Coffee & Tea;Breakfast & Brunch
ckq5AFmnoNxK8xtuRVtnsQ,"""Now It's A Party!""",Uptown,"""401 South Tryon St""",Charlotte,NC,28202,35.2246161,-80.8464246,5.0,5,1,Party Equipment Rentals;Event Planning & Services
dpQ1zg0cGBmlX7YFhdnT_g,"""Yoga Because""",,"""3131 E Thunderbird Rd""",Phoenix,AZ,85032,33.6108166827,-112.014812802,5.0,3,0,Active Life;Yoga;Fitness & Instruction
tgaJnrdQOeXDWpuL0yw_Rg,"""Gary Bonnin OD""",,"""4570 E Cactus Rd""",Phoenix,AZ,85032,33.6046388,-111.9849523,5.0,4,1,Health & Medical;Optometrists
NxOVSWeyqpa129kTfFpGrg,"""OrthoArizona Hand & Wrist Specialists""",,"""8630 E Via De Ventura Blvd, Ste 205""",Scottsdale,AZ,85258,33.5541378,-111.8953804,2.0,3,1,Health & Medical;Orthopedists;Doctors
BHHlUVk3K2PbC5azR-sk3A,"""Day West Liberty Subaru""",Beechview,"""2310 W Liberty Ave""",Pittsburgh,PA,15226,40.4010046,-80.0231252,2.5,17,1,Auto Repair;Car Dealers;Auto Parts & Supplies;Automotive
T1U7Te9Ulv2Qqfzna4JuYA,"""Tucker's Marketplace Restaurant""",,"""5067 Dixie Rd""",Mississauga,ON,L4W,43.6364658,-79.6214012,3.5,3,0,Fast Food;Restaurants
w5F7Gz3UGg6TmpKhBCOiaw,"""Dom's TV & Appliance""",,"""1860 Homeville Rd""",West Mifflin,PA,15122,40.3652418031,-79.872553428,3.5,3,1,Electronics;Appliances;Home & Garden;Appliances & Repair;Shopping;Local Services
lC16Di_E3-ug5SOYpxYthA,"""Happy Tails Dog Wash and Grooming""",,"""565 College Dr, Ste A""",Henderson,NV,89015,36.0143216,-114.9643307,4.5,32,1,Pets;Pet Services;Pet Groomers
K8NUJWxYXlRyNS4SzZYMrw,"""Dunkin' Donuts""",Ballantyne,"""16131 Lancaster Hwy""",Charlotte,NC,28277,35.028656,-80.8511594,2.5,17,1,Coffee & Tea;Food;Event Planning & Services;Donuts;Caterers
SlV041GfQWhMM-G5R3yerw,"""Sal's Barber Shop""",,"""234 N Main St""",Hudson,OH,44236,41.243179,-81.440581,4.5,11,1,Barbers;Beauty & Spas
1aSZn7e6D1EWLCqUFuQkRA,"""Fit SOULutions""",,"""2651 Crimson Canyon Dr""",Las Vegas,NV,89128,36.208213,-115.254583,5.0,3,1,Yoga;Active Life;Trainers;Fitness & Instruction;Boot Camps
yHCoJZh5nx0Onr5xgMaUHg,"""Galleria Supermarket""",,"""865 York Mills Road""",Toronto,ON,M3B 1Y6,43.7537215,-79.3494213,4.0,92,1,Grocery;International Grocery;Food;Korean;Ethical Grocery;Restaurants
EgGdnaotJpPvxCFyZPJeUw,"""Pizza Hut""",Northwest,"""4945 W. Craig Road""",Las Vegas,NV,89130,36.238059,-115.210341,2.0,13,1,Restaurants;Pizza
65t-aFhv4fnzX10BJx48qQ,"""Kelly's Kawasaki""",,"""817 S Country Club Dr""",Mesa,AZ,85210,33.400219,-111.839399,4.5,25,1,Motorcycle Repair;Motorcycle Dealers;Automotive
5bGFrGqzooCchYXXorGL7w,"""Goen Yakiniku""",,"""328 Highway 7 E, Unit 8""",Richmond Hill,ON,L4B 3P7,43.8415653484,-79.3993877428,2.5,6,1,Noodles;Japanese;Barbeque;Diners;Restaurants
7Tu-MRS4ZyTfoVSItnkNGg,"""401 Dixie Kia""",,"""5505 Ambler Drive""",Mississauga,ON,L4W 2V1,43.6434462,-79.6366436,1.0,5,1,Car Dealers;Automotive
eREIn5_ufXNgKMrxFlYbiQ,"""Fashion One Studio""",,"""17037 N 43rd Ave, Ste A7""",Glendale,AZ,85308,33.6410687,-112.1514481,3.5,3,1,Hair Salons;Massage;Nail Salons;Beauty & Spas
-Ut87cwGFsO3444Rd11p0Q,"""Federico's Mexican Food""",,"""13132 W Camelback Rd""",Litchfield Park,AZ,85340,33.508441,-112.341953,3.5,63,1,Mexican;Restaurants
sicHmFekUOTtAJN0ccvnOg,"""All-Star Animal Hospital""",,"""16772 W Bell Rd, Ste 105""",Surprise,AZ,85374,33.6401845,-112.4206985,4.5,24,1,Pets;Veterinarians
Lp-lUqhuXwHuEzeeidYx-A,"""Bell Sports""",,"""1924 County Rd 3000 N""",Rantoul,IL,61866,40.3124148,-88.0953345,4.5,3,1,Shopping;Bikes;Sporting Goods
bs5ZQW4z83ml6kuZWd-Q1A,"""Enliven Skin and Beauty""",Westside,"""8751 W Charleston Blvd""",Las Vegas,NV,89117,36.1584817,-115.2857741,4.5,12,1,Beauty & Spas;Skin Care;Hair Removal
m5mXo_UzCUZPfL7BXzApFQ,"""Hair by Erika Shear""",Westside,"""1225 S Fort Apache Rd, Ste 160""",Las Vegas,NV,89117,36.1569588001,-115.292491731,5.0,4,1,Hair Stylists;Hair Extensions;Event Planning & Services;Blow Dry/Out Services;Beauty & Spas;Hair Salons;Wedding Planning
_zKS1CoTjGatG556pjD5DA,"""Victory Pest Control""",Southeast,"""1605 Silver Glen Ave""",Las Vegas,NV,89123,36.014986,-115.130484,5.0,3,1,Pest Control;Local Services
--Y7NhBKzLTbNliMUX_wfg,"""Pinnacle Restoration""",Spring Valley,"""""",Las Vegas,NV,89148,36.0612353,-115.2896852,5.0,8,1,Drywall Installation & Repair;Handyman;Home Services;Contractors;Damage Restoration
pz58I0Oxugx4s3FKwyDQaQ,"""Sonoran Pest Control""",,"""""",Scottsdale,AZ,85255,33.6820145485,-111.830264018,5.0,17,1,Pest Control;Local Services
cJEFQQ828hvsTNUclWOx9w,"""Ultris Arrow Canyon""",,"""5005 Losee Rd""",Las Vegas,NV,89081,36.2520557,-115.1180312,1.5,43,1,Home Services;Real Estate;Apartments
06_bDWrsZkj5l1u1OUZ4Vg,"""Cupz""",Southwest,"""8520 Blue Diamond Rd""",Las Vegas,NV,89178,36.020846,-115.277262,3.5,37,0,Food;Coffee & Tea;Desserts
JzNXaLxwWnC_zKOI0tkt2w,"""WineStyles""",,"""9788 W Northern Ave""",Peoria,AZ,85345,33.5515304,-112.2707018,4.0,6,0,Food;Nightlife;Bars;Beer;Wine & Spirits;Wine Bars
q_-PAv21KB74TbuOQ_S37A,"""My Computer Works""",,"""7975 N Hayden Rd, C-320""",Scottsdale,AZ,85253,33.553001,-111.89745,4.5,5,1,Computers;Local Services;IT Services & Computer Repair;Shopping
lK-wuiq8b1TuU7bfbQZgsg,"""Hingetown""",Ohio City,"""""",Cleveland,OH,44113,41.4893428107,-81.711028698,3.0,4,1,Shopping;Flowers & Gifts;Arts & Entertainment;Cafes;Coffee & Tea;Restaurants;Local Flavor;Museums;Shopping Centers;Art Galleries;Florists;Food
bm6BYbNvzBzs1xecmAQF0w,"""TravelBug Health""",,"""8757 E Bell Rd""",Scottsdale,AZ,85260,33.639811,-111.893689,5.0,5,1,Hospitals;Health & Medical;Professional Services;Hotels & Travel;Medical Centers;Walk-in Clinics;Travel Services
8BgufTquUG2G5ZRddInrTA,"""RadioShack""",Westside,"""4443 W Charleston Blvd""",Las Vegas,NV,89102,36.1580758,-115.2001752,2.0,6,0,Hobby Shops;Shopping;Mobile Phones;Electronics
2yZbsUalqPBi35_Rwd3GdA,"""Century 21 Arizona Foothills - Gilbert""",,"""7400 S Power Rd, Bldg 1, Ste 101""",Gilbert,AZ,85297,33.2815135,-111.6868321,3.0,4,1,Home Services;Real Estate;Real Estate Agents;Real Estate Services
lil28runuoryt7uMQLXSRQ,"""Flipperspiel Underground Arcade Club""",Southeast,"""6000 S Eastern Ave, Ste 4D""",Las Vegas,NV,89119,36.0802876,-115.1175591,4.5,6,1,Community Service/Non-Profit;Arts & Entertainment;Local Services;Arcades;Social Clubs
c_IIS1gL0y3sCiZgSqMmOg,"""Express Home Moving""",,"""2415 E Camelback Rd, Ste 700""",Phoenix,AZ,85016,33.5080986,-112.0289095,4.5,32,1,Movers;Home Services
suNxw61sND7uCfTXW6XcNw,"""Walmart Supercenter""",,"""2420 Supercenter Dr NE""",Kannapolis,NC,28083,35.4626809,-80.5946648,2.5,12,1,Discount Store;Food;Shopping;Electronics;Drugstores;Fashion;Department Stores;Mobile Phones;Grocery
VaFRggkuU-gZDMbnvAZOtg,"""Piazza Bistro""",,"""94 George Street""",Oakville,ON,L6J 3B7,43.44569,-79.6682013,4.0,7,1,Italian;Restaurants
lrm8hNDtwd5Wd0tVjOgCyw,"""Ithaca Restaurant""",Unionville,"""5308 Hwy 7 E""",Markham,ON,L3P,43.8685158,-79.282552,3.5,55,1,Greek;Restaurants;Mediterranean
XdUj6TgOnY7ZvtANgPvxSQ,"""Savage Air Conditioning""",,"""2460 E Desert Trumpet Rd""",Phoenix,AZ,85048,33.313337,-112.027619,5.0,12,1,Contractors;Home Services;Heating & Air Conditioning/HVAC
D1E_6MBFKeU2a7EQ4IwoEQ,"""Little Caesars Pizza""",,"""13011 W Greenway Blvd""",El Mirage,AZ,85335,33.6230548882,-112.33975752,2.5,15,1,Restaurants;Pizza
OWbm2cGjhX3CwmqzUJeLoQ,"""Strip Gun Club""",The Strip,"""2235 S Las Vegas Blvd""",Las Vegas,NV,89104,36.1452144,-115.1560534,5.0,57,1,Adult Entertainment;Active Life;Gun/Rifle Ranges;Guns & Ammo;Nightlife;Shopping